domgi	accession	taxid	taxOrg	nPig	nGi
129695	TIGR00607	5580	Aureobasidium pullulans	26	50
129695	TIGR00607	9606	Homo sapiens	22	127
129695	TIGR00607	1708541	Wallemia mellicola	18	25
129695	TIGR00607	10090	Mus musculus	16	21
129695	TIGR00607	91943	Hortaea werneckii	15	18
129695	TIGR00607	30608	Microcebus murinus	10	15
129695	TIGR00607	5478	[Candida] glabrata	9	26
129695	TIGR00607	9823	Sus scrofa	9	19
129695	TIGR00607	9749	Delphinapterus leucas	9	13
129695	TIGR00607	10116	Rattus norvegicus	9	11
129695	TIGR00607	8790	Dromaius novaehollandiae	9	9
129695	TIGR00607	1978231	Acidobacteria bacterium	9	9
129695	TIGR00607	1706337	Neophocaena asiaeorientalis asiaeorientalis	8	19
129695	TIGR00607	370355	Entamoeba invadens IP1	8	16
129695	TIGR00607	28197	Arcobacter butzleri	8	15
129695	TIGR00607	28198	Arcobacter cryaerophilus	8	13
129695	TIGR00607	9031	Gallus gallus	8	11
129695	TIGR00607	9704	Zalophus californianus	8	11
129695	TIGR00607	454923	Diachasma alloeum	8	10
129695	TIGR00607	300112	Temnothorax longispinosus	8	8
129695	TIGR00607	245174	Wallemia ichthyophaga	7	21
129695	TIGR00607	9913	Bos taurus	7	13
129695	TIGR00607	202946	Apteryx australis mantelli	7	12
129695	TIGR00607	4909	Pichia kudriavzevii	7	10
129695	TIGR00607	300111	Temnothorax curvispinosus	7	10
129695	TIGR00607	10029	Cricetulus griseus	7	9
129695	TIGR00607	8496	Alligator mississippiensis	7	8
129695	TIGR00607	8996	Numida meleagris	7	8
129695	TIGR00607	58291	Rhizopus microsporus	7	7
129695	TIGR00607	2164130	Cyanobium sp.	7	7
129695	TIGR00607	40151	Monodon monoceros	6	12
129695	TIGR00607	8839	Anas platyrhynchos	6	9
129695	TIGR00607	33203	Purpureocillium lilacinum	6	9
129695	TIGR00607	34839	Chinchilla lanigera	6	9
129695	TIGR00607	60711	Chlorocebus sabaeus	6	9
129695	TIGR00607	66420	Papilio xuthus	6	8
129695	TIGR00607	9646	Ailuropoda melanoleuca	6	7
129695	TIGR00607	9755	Physeter catodon	6	7
129695	TIGR00607	411798	Vollenhovia emeryi	6	7
129695	TIGR00607	441894	Struthio camelus australis	6	7
129695	TIGR00607	1043627	Hirsutella minnesotensis 3608	6	6
129695	TIGR00607	1407671	uncultured Mediterranean phage uvMED	5	15
129695	TIGR00607	9601	Pongo abelii	5	14
129695	TIGR00607	90247	Lagenorhynchus obliquidens	5	14
129695	TIGR00607	310752	Balaenoptera acutorostrata scammoni	5	11
129695	TIGR00607	9974	Manis javanica	5	10
129695	TIGR00607	4932	Saccharomyces cerevisiae	5	9
129695	TIGR00607	9598	Pan troglodytes	5	9
129695	TIGR00607	1432141	Rhizophagus irregularis DAOM 197198w	5	9
129695	TIGR00607	4956	Zygosaccharomyces rouxii	5	8
129695	TIGR00607	5477	[Candida] boidinii	5	8
129695	TIGR00607	8969	Haliaeetus albicilla	5	8
129695	TIGR00607	43346	Bison bison bison	5	8
129695	TIGR00607	9986	Oryctolagus cuniculus	5	7
129695	TIGR00607	10036	Mesocricetus auratus	5	7
129695	TIGR00607	119927	Alternaria tenuissima	5	7
129695	TIGR00607	186990	Hipposideros armiger	5	7
129695	TIGR00607	211228	Cephus cinctus	5	7
129695	TIGR00607	10160	Octodon degus	5	6
129695	TIGR00607	34884	Callorhinus ursinus	5	6
129695	TIGR00607	74533	Panthera tigris altaica	5	6
129695	TIGR00607	116960	Ursus arctos horribilis	5	6
129695	TIGR00607	178876	Cryptococcus neoformans var. grubii	5	6
129695	TIGR00607	230844	Peromyscus maniculatus bairdii	5	6
129695	TIGR00607	498019	[Candida] auris	5	6
129695	TIGR00607	7493	Trichogramma pretiosum	5	5
129695	TIGR00607	8469	Chelonia mydas	5	5
129695	TIGR00607	9685	Felis catus	5	5
129695	TIGR00607	9739	Tursiops truncatus	5	5
129695	TIGR00607	34886	Eumetopias jubatus	5	5
129695	TIGR00607	50429	Stylophora pistillata	5	5
129695	TIGR00607	93934	Coturnix japonica	5	5
129695	TIGR00607	100787	Verticillium longisporum	5	5
129695	TIGR00607	103372	Acromyrmex echinatior	5	5
129695	TIGR00607	307658	Monomorium pharaonis	5	5
129695	TIGR00607	1263082	Lichtheimia corymbifera JMRC:FSU:9682	5	5
129695	TIGR00607	1802262	Sulfurimonas sp. RIFOXYD2_FULL_37_8	5	5
129695	TIGR00607	294381	Entamoeba histolytica HM-1:IMSS	4	25
129695	TIGR00607	237561	Candida albicans SC5314	4	23
129695	TIGR00607	10181	Heterocephalus glaber	4	10
129695	TIGR00607	544718	Arcobacter thereius	4	10
129695	TIGR00607	45151	Pyrenophora tritici-repentis	4	8
129695	TIGR00607	370354	Entamoeba dispar SAW760	4	8
129695	TIGR00607	9402	Pteropus alecto	4	7
129695	TIGR00607	221360	Synechococcus sp. RS9917	4	7
129695	TIGR00607	9361	Dasypus novemcinctus	4	6
129695	TIGR00607	9541	Macaca fascicularis	4	6
129695	TIGR00607	9545	Macaca nemestrina	4	6
129695	TIGR00607	30538	Vicugna pacos	4	6
129695	TIGR00607	132908	Pteropus vampyrus	4	6
129695	TIGR00607	7515	Ctenocephalides felis	4	5
129695	TIGR00607	7955	Danio rerio	4	5
129695	TIGR00607	8478	Chrysemys picta bellii	4	5
129695	TIGR00607	9258	Ornithorhynchus anatinus	4	5
129695	TIGR00607	9483	Callithrix jacchus	4	5
129695	TIGR00607	9544	Macaca mulatta	4	5
129695	TIGR00607	9669	Mustela putorius furo	4	5
129695	TIGR00607	29078	Eptesicus fuscus	4	5
129695	TIGR00607	491861	Grammomys surdaster	4	5
129695	TIGR00607	7091	Bombyx mori	4	4
129695	TIGR00607	7994	Astyanax mexicanus	4	4
129695	TIGR00607	8502	Crocodylus porosus	4	4
129695	TIGR00607	8932	Columba livia	4	4
129695	TIGR00607	9691	Panthera pardus	4	4
129695	TIGR00607	9785	Loxodonta africana	4	4
129695	TIGR00607	10047	Meriones unguiculatus	4	4
129695	TIGR00607	10141	Cavia porcellus	4	4
129695	TIGR00607	13735	Pelodiscus sinensis	4	4
129695	TIGR00607	29159	Crassostrea gigas	4	4
129695	TIGR00607	32536	Acinonyx jubatus	4	4
129695	TIGR00607	38654	Alligator sinensis	4	4
129695	TIGR00607	42514	Pygocentrus nattereri	4	4
129695	TIGR00607	43700	Monopterus albus	4	4
129695	TIGR00607	45354	[Candida] intermedia	4	4
129695	TIGR00607	59932	Synechococcus sp. WH 8101	4	4
129695	TIGR00607	79684	Microtus ochrogaster	4	4
129695	TIGR00607	94835	Gavialis gangeticus	4	4
129695	TIGR00607	104421	Camponotus floridanus	4	4
129695	TIGR00607	109280	Hippocampus comes	4	4
129695	TIGR00607	279965	Antrostomus carolinensis	4	4
129695	TIGR00607	294746	Meyerozyma guilliermondii ATCC 6260	4	4
129695	TIGR00607	381198	Anser cygnoides domesticus	4	4
129695	TIGR00607	1817868	Candidatus Handelsmanbacteria bacterium RIFCSPLOWO2_12_FULL_64_10	4	4
129695	TIGR00607	1841481	Seriola lalandi dorsalis	4	4
129695	TIGR00607	1869227	bacterium	4	4
129695	TIGR00607	2026734	Dehalococcoidia bacterium	4	4
129695	TIGR00607	2170428	Vulcanococcus limneticus	4	4
129695	TIGR00607	9615	Canis lupus familiaris	3	13
129695	TIGR00607	61621	Rhinopithecus bieti	3	10
129695	TIGR00607	1883	Streptomyces	3	9
129695	TIGR00607	5599	Alternaria alternata	3	8
129695	TIGR00607	9938	Ovis aries musimon	3	8
129695	TIGR00607	28985	Kluyveromyces lactis	3	8
129695	TIGR00607	89462	Bubalus bubalis	3	8
129695	TIGR00607	4896	Schizosaccharomyces pombe	3	7
129695	TIGR00607	885580	Fukomys damarensis	3	7
129695	TIGR00607	5786	Dictyostelium purpureum	3	6
129695	TIGR00607	9796	Equus caballus	3	6
129695	TIGR00607	9994	Marmota marmota marmota	3	6
129695	TIGR00607	10041	Peromyscus leucopus	3	6
129695	TIGR00607	436907	Vanderwaltozyma polyspora DSM 70294	3	6
129695	TIGR00607	744533	Naegleria gruberi strain NEG-M	3	6
129695	TIGR00607	1935204	[Arcobacter] porcinus	3	6
129695	TIGR00607	6573	Mizuhopecten yessoensis	3	5
129695	TIGR00607	30522	Bos indicus x Bos taurus	3	5
129695	TIGR00607	52670	Austrofundulus limnaeus	3	5
129695	TIGR00607	205130	Mastacembelus armatus	3	5
129695	TIGR00607	291302	Miniopterus natalensis	3	5
129695	TIGR00607	336983	Colobus angolensis palliatus	3	5
129695	TIGR00607	8167	Perca flavescens	3	4
129695	TIGR00607	9238	Pygoscelis adeliae	3	4
129695	TIGR00607	9430	Desmodus rotundus	3	4
129695	TIGR00607	9555	Papio anubis	3	4
129695	TIGR00607	9793	Equus asinus	3	4
129695	TIGR00607	9798	Equus przewalskii	3	4
129695	TIGR00607	28743	Cyprinodon variegatus	3	4
129695	TIGR00607	37636	Thermus scotoductus	3	4
129695	TIGR00607	39432	Saimiri boliviensis boliviensis	3	4
129695	TIGR00607	57397	Apaloderma vittatum	3	4
129695	TIGR00607	93504	Ostrinia furnacalis	3	4
129695	TIGR00607	156563	Cyanistes caeruleus	3	4
129695	TIGR00607	156630	Alternaria arborescens	3	4
129695	TIGR00607	194338	Athene cunicularia	3	4
129695	TIGR00607	200324	Puccinia coronata var. avenae f. sp. avenae	3	4
129695	TIGR00607	348837	Spironucleus salmonicida	3	4
129695	TIGR00607	400727	Pomacea canaliculata	3	4
129695	TIGR00607	559304	Millerozyma farinosa CBS 7064	3	4
129695	TIGR00607	595528	Capsaspora owczarzaki ATCC 30864	3	4
129695	TIGR00607	613905	Nylanderia fulva	3	4
129695	TIGR00607	1026970	Nannospalax galili	3	4
129695	TIGR00607	1737458	Cebus capucinus imitator	3	4
129695	TIGR00607	5061	Aspergillus niger	3	3
129695	TIGR00607	5127	Fusarium fujikuroi	3	3
129695	TIGR00607	7092	Bombyx mandarina	3	3
129695	TIGR00607	7962	Cyprinus carpio	3	3
129695	TIGR00607	7998	Ictalurus punctatus	3	3
129695	TIGR00607	8022	Oncorhynchus mykiss	3	3
129695	TIGR00607	8153	Haplochromis burtoni	3	3
129695	TIGR00607	8897	Chaetura pelagica	3	3
129695	TIGR00607	9103	Meleagris gallopavo	3	3
129695	TIGR00607	9157	Parus major	3	3
129695	TIGR00607	9568	Mandrillus leucophaeus	3	3
129695	TIGR00607	9838	Camelus dromedarius	3	3
129695	TIGR00607	10093	Mus pahari	3	3
129695	TIGR00607	13443	Coffea arabica	3	3
129695	TIGR00607	28377	Anolis carolinensis	3	3
129695	TIGR00607	29073	Ursus maritimus	3	3
129695	TIGR00607	29139	Vombatus ursinus	3	3
129695	TIGR00607	30464	Nothoprocta perdicaria	3	3
129695	TIGR00607	32507	Neolamprologus brichardi	3	3
129695	TIGR00607	61395	Linderina pennispora	3	3
129695	TIGR00607	62708	Golovinomyces cichoracearum	3	3
129695	TIGR00607	64791	Trachymyrmex zeteki	3	3
129695	TIGR00607	69820	Spodoptera litura	3	3
129695	TIGR00607	127582	Trichechus manatus latirostris	3	3
129695	TIGR00607	133434	Acanthaster planci	3	3
129695	TIGR00607	143995	Megachile rotundata	3	3
129695	TIGR00607	225400	Myotis davidii	3	3
129695	TIGR00607	321398	Lepidothrix coronata	3	3
129695	TIGR00607	328815	Manacus vitellinus	3	3
129695	TIGR00607	391180	Enhydra lutris kenyoni	3	3
129695	TIGR00607	482537	Galeopterus variegatus	3	3
129695	TIGR00607	578462	Allomyces macrogynus ATCC 38327	3	3
129695	TIGR00607	688394	Lichtheimia ramosa	3	3
129695	TIGR00607	746128	Aspergillus fumigatus	3	3
129695	TIGR00607	932674	Corvus cornix cornix	3	3
129695	TIGR00607	948311	Fusarium proliferatum	3	3
129695	TIGR00607	994334	Jimgerdemannia flammicorona	3	3
129695	TIGR00607	1095631	Saccharomyces cerevisiae x Saccharomyces kudriavzevii VIN7	3	3
129695	TIGR00607	1147111	Fusarium euwallaceae	3	3
129695	TIGR00607	1294375	Saccharomyces cerevisiae YJM1447	3	3
129695	TIGR00607	1415176	Terrapene mexicana triunguis	3	3
129695	TIGR00607	1676925	Paramormyrops kingsleyae	3	3
129695	TIGR00607	1720309	Exaiptasia pallida	3	3
129695	TIGR00607	1890364	Planoprotostelium fungivorum	3	3
129695	TIGR00607	1963269	Diversispora versiformis	3	3
129695	TIGR00607	2316362	Psathyrella aberdarensis	3	3
129695	TIGR00607	2340872	Endogone sp. FLAS-F59071	3	3
129695	TIGR00607	559292	Saccharomyces cerevisiae S288C	2	71
129695	TIGR00607	307796	Saccharomyces cerevisiae YJM789	2	23
129695	TIGR00607	1294305	Saccharomyces cerevisiae YJM195	2	17
129695	TIGR00607	9597	Pan paniscus	2	14
129695	TIGR00607	644223	Komagataella phaffii GS115	2	12
129695	TIGR00607	13616	Monodelphis domestica	2	8
129695	TIGR00607	38626	Phascolarctos cinereus	2	8
129695	TIGR00607	284811	Eremothecium gossypii ATCC 10895	2	8
129695	TIGR00607	37293	Aotus nancymaae	2	7
129695	TIGR00607	43179	Ictidomys tridecemlineatus	2	7
129695	TIGR00607	1393	Brevibacillus brevis	2	6
129695	TIGR00607	9999	Urocitellus parryii	2	6
129695	TIGR00607	367110	Neurospora crassa OR74A	2	6
129695	TIGR00607	1294343	Saccharomyces cerevisiae YJM1273	2	6
129695	TIGR00607	9880	Odocoileus virginianus texanus	2	5
129695	TIGR00607	54913	Brevibacillus formosus	2	5
129695	TIGR00607	93162	Marmota flaviventris	2	5
129695	TIGR00607	210632	Parambassis ranga	2	5
129695	TIGR00607	284592	Debaryomyces hansenii CBS767	2	5
129695	TIGR00607	306902	Clavispora lusitaniae ATCC 42720	2	5
129695	TIGR00607	983966	Cyberlindnera jadinii NRRL Y-1542	2	5
129695	TIGR00607	1003335	Kluyveromyces marxianus DMKU3-1042	2	5
129695	TIGR00607	1094983	Candida albicans P94015	2	5
129695	TIGR00607	1333698	Zygosaccharomyces bailii CLIB 213	2	5
129695	TIGR00607	204	Campylobacter showae	2	4
129695	TIGR00607	384	Rhizobium leguminosarum	2	4
129695	TIGR00607	4950	Torulaspora delbrueckii	2	4
129695	TIGR00607	5486	Candida viswanathii	2	4
129695	TIGR00607	7739	Branchiostoma floridae	2	4
129695	TIGR00607	8364	Xenopus tropicalis	2	4
129695	TIGR00607	9565	Theropithecus gelada	2	4
129695	TIGR00607	9915	Bos indicus	2	4
129695	TIGR00607	9925	Capra hircus	2	4
129695	TIGR00607	27334	Penicillium expansum	2	4
129695	TIGR00607	45286	Eremothecium sinecaudum	2	4
129695	TIGR00607	48698	Poecilia formosa	2	4
129695	TIGR00607	48701	Poecilia mexicana	2	4
129695	TIGR00607	58627	Debaryomyces fabryi	2	4
129695	TIGR00607	112090	Aphanomyces astaci	2	4
129695	TIGR00607	139825	Sparassis crispa	2	4
129695	TIGR00607	236499	uncultured Acetothermia bacterium	2	4
129695	TIGR00607	261658	Cavenderia fasciculata	2	4
129695	TIGR00607	280463	Emiliania huxleyi CCMP1516	2	4
129695	TIGR00607	294747	Candida tropicalis MYA-3404	2	4
129695	TIGR00607	307959	Sinocyclocheilus rhinocerous	2	4
129695	TIGR00607	325452	Phytophthora kernoviae	2	4
129695	TIGR00607	336722	Zymoseptoria tritici IPO323	2	4
129695	TIGR00607	352472	Dictyostelium discoideum AX4	2	4
129695	TIGR00607	379508	Lodderomyces elongisporus NRRL YB-4239	2	4
129695	TIGR00607	379532	Propithecus coquereli	2	4
129695	TIGR00607	402676	Schizosaccharomyces japonicus yFS275	2	4
129695	TIGR00607	403677	Phytophthora infestans T30-4	2	4
129695	TIGR00607	471704	Trachymyrmex cornetzi	2	4
129695	TIGR00607	483514	Schizosaccharomyces octosporus yFS286	2	4
129695	TIGR00607	556484	Phaeodactylum tricornutum CCAP 1055/1	2	4
129695	TIGR00607	559295	Lachancea thermotolerans CBS 6340	2	4
129695	TIGR00607	573826	Candida dubliniensis CD36	2	4
129695	TIGR00607	590646	Yamadazyma tenuis ATCC 10573	2	4
129695	TIGR00607	619300	Spathaspora passalidarum NRRL Y-27907	2	4
129695	TIGR00607	645134	Spizellomyces punctatus DAOM BR117	2	4
129695	TIGR00607	653667	Schizosaccharomyces cryophilus OY26	2	4
129695	TIGR00607	663364	Arcobacter bivalviorum	2	4
129695	TIGR00607	670386	Heterostelium album PN500	2	4
129695	TIGR00607	680683	Amyelois transitella	2	4
129695	TIGR00607	683960	Wickerhamomyces anomalus NRRL Y-366-8	2	4
129695	TIGR00607	732165	Dichomitus squalens LYAD-421 SS1	2	4
129695	TIGR00607	763406	Pichia membranifaciens NRRL Y-2026	2	4
129695	TIGR00607	869754	Metschnikowia bicuspidata var. bicuspidata NRRL YB-4993	2	4
129695	TIGR00607	871575	Ogataea parapolymorpha DL-1	2	4
129695	TIGR00607	931890	Eremothecium cymbalariae DBVPG#7215	2	4
129695	TIGR00607	984485	Hyphopichia burtonii NRRL Y-1933	2	4
129695	TIGR00607	984486	Babjeviella inositovora NRRL Y-12698	2	4
129695	TIGR00607	984487	Suhomyces tanzawaensis NRRL Y-17324	2	4
129695	TIGR00607	1041607	Wickerhamomyces ciferrii	2	4
129695	TIGR00607	1054034	Arcobacter cloacae	2	4
129695	TIGR00607	1064592	Naumovozyma castellii CBS 4309	2	4
129695	TIGR00607	1071378	Naumovozyma dairenensis CBS 421	2	4
129695	TIGR00607	1071380	Tetrapisispora blattae CBS 6284	2	4
129695	TIGR00607	1071381	Tetrapisispora phaffii CBS 4417	2	4
129695	TIGR00607	1071382	Kazachstania africana CBS 2517	2	4
129695	TIGR00607	1071383	Kazachstania naganishii CBS 8797	2	4
129695	TIGR00607	1076696	Entamoeba nuttalli P19	2	4
129695	TIGR00607	1080349	Saccharomyces eubayanus	2	4
129695	TIGR00607	1094990	Candida albicans P57072	2	4
129695	TIGR00607	1136231	Candida orthopsilosis Co 90-125	2	4
129695	TIGR00607	1157616	Hortaea werneckii EXF-2000	2	4
129695	TIGR00607	1168221	Coniosporium apollinis CBS 100218	2	4
129695	TIGR00607	1245769	Lachancea lanzarotensis	2	4
129695	TIGR00607	1344418	Ascoidea rubescens DSM 1968	2	4
129695	TIGR00607	1382522	Kuraishia capsulata CBS 1993	2	4
129695	TIGR00607	1410327	Acytostelium subglobosum LB1	2	4
129695	TIGR00607	1448315	Aspergillus uvarum CBS 121591	2	4
129695	TIGR00607	199	Campylobacter concisus	2	3
129695	TIGR00607	5507	Fusarium oxysporum	2	3
129695	TIGR00607	8187	Lates calcarifer	2	3
129695	TIGR00607	8355	Xenopus laevis	2	3
129695	TIGR00607	9233	Aptenodytes forsteri	2	3
129695	TIGR00607	9365	Erinaceus europaeus	2	3
129695	TIGR00607	9407	Rousettus aegyptiacus	2	3
129695	TIGR00607	34720	Trachymyrmex septentrionalis	2	3
129695	TIGR00607	36022	Cyberlindnera fabianii	2	3
129695	TIGR00607	44394	Zonotrichia albicollis	2	3
129695	TIGR00607	56723	Labrus bergylta	2	3
129695	TIGR00607	59463	Myotis lucifugus	2	3
129695	TIGR00607	72004	Bos mutus	2	3
129695	TIGR00607	73337	Ceratotherium simum simum	2	3
129695	TIGR00607	75366	Sinocyclocheilus grahami	2	3
129695	TIGR00607	85066	Corvus brachyrhynchos	2	3
129695	TIGR00607	105785	Cryptotermes secundus	2	3
129695	TIGR00607	117187	Fusarium verticillioides	2	3
129695	TIGR00607	136037	Zootermopsis nevadensis	2	3
129695	TIGR00607	143302	Condylura cristata	2	3
129695	TIGR00607	158456	Betta splendens	2	3
129695	TIGR00607	212818	Exophiala mesophila	2	3
129695	TIGR00607	244447	Cynoglossus semilaevis	2	3
129695	TIGR00607	398673	Trichoderma gamsii	2	3
129695	TIGR00607	419612	Camelus ferus	2	3
129695	TIGR00607	698492	Saitoella complicata NRRL Y-17804	2	3
129695	TIGR00607	747089	Rhizophagus irregularis DAOM 181602=DAOM 197198	2	3
129695	TIGR00607	1245745	Beauveria bassiana D1-5	2	3
129695	TIGR00607	1355161	Zygosaccharomyces bailii ISA1307	2	3
129695	TIGR00607	1608454	Sinocyclocheilus anshuiensis	2	3
129695	TIGR00607	1868482	Carlito syrichta	2	3
129695	TIGR00607	2116544	Synechococcus lacustris	2	3
129695	TIGR00607	205	Campylobacter sp.	2	2
129695	TIGR00607	212	Helicobacter acinonychis	2	2
129695	TIGR00607	375	Bradyrhizobium japonicum	2	2
129695	TIGR00607	4829	Absidia glauca	2	2
129695	TIGR00607	4922	Komagataella pastoris	2	2
129695	TIGR00607	4954	Zygosaccharomyces bailii	2	2
129695	TIGR00607	4955	Lachancea fermentati	2	2
129695	TIGR00607	5007	Brettanomyces bruxellensis	2	2
129695	TIGR00607	5480	Candida parapsilosis	2	2
129695	TIGR00607	5544	Trichoderma harzianum	2	2
129695	TIGR00607	6689	Penaeus vannamei	2	2
129695	TIGR00607	7574	Lingula anatina	2	2
129695	TIGR00607	7741	Branchiostoma belcheri	2	2
129695	TIGR00607	7868	Callorhinchus milii	2	2
129695	TIGR00607	7957	Carassius auratus	2	2
129695	TIGR00607	8010	Esox lucius	2	2
129695	TIGR00607	8036	Salvelinus alpinus	2	2
129695	TIGR00607	8078	Fundulus heteroclitus	2	2
129695	TIGR00607	8081	Poecilia reticulata	2	2
129695	TIGR00607	8083	Xiphophorus maculatus	2	2
129695	TIGR00607	8154	Astatotilapia calliptera	2	2
129695	TIGR00607	8208	Notothenia coriiceps	2	2
129695	TIGR00607	8255	Paralichthys olivaceus	2	2
129695	TIGR00607	8954	Falco peregrinus	2	2
129695	TIGR00607	9218	Phoenicopterus ruber ruber	2	2
129695	TIGR00607	9244	Calypte anna	2	2
129695	TIGR00607	9531	Cercocebus atys	2	2
129695	TIGR00607	9940	Ovis aries	2	2
129695	TIGR00607	10020	Dipodomys ordii	2	2
129695	TIGR00607	10089	Mus caroli	2	2
129695	TIGR00607	13686	Solenopsis invicta	2	2
129695	TIGR00607	27322	Metschnikowia bicuspidata	2	2
129695	TIGR00607	27350	Puccinia striiformis	2	2
129695	TIGR00607	27687	Erpetoichthys calabaricus	2	2
129695	TIGR00607	28200	Arcobacter skirrowii	2	2
129695	TIGR00607	29058	Helicoverpa armigera	2	2
129695	TIGR00607	30732	Oryzias melastigma	2	2
129695	TIGR00607	32473	Xiphophorus couchianus	2	2
129695	TIGR00607	33528	Gambusia affinis	2	2
129695	TIGR00607	36035	Saccharomycodes ludwigii	2	2
129695	TIGR00607	37360	Plasmodiophora brassicae	2	2
129695	TIGR00607	37653	Octopus bimaculoides	2	2
129695	TIGR00607	40998	Elsinoe australis	2	2
129695	TIGR00607	41447	Seriola dumerili	2	2
129695	TIGR00607	42249	Tuber magnatum	2	2
129695	TIGR00607	42258	Zygosaccharomyces mellis	2	2
129695	TIGR00607	43049	Tilletia indica	2	2
129695	TIGR00607	43455	Cathartes aura	2	2
129695	TIGR00607	48498	Orbicella faveolata	2	2
129695	TIGR00607	49012	Sporisorium scitamineum	2	2
129695	TIGR00607	52247	[Candida] inconspicua	2	2
129695	TIGR00607	54383	Eurypyga helias	2	2
129695	TIGR00607	56408	Hanseniaspora osmophila	2	2
129695	TIGR00607	57412	Colius striatus	2	2
129695	TIGR00607	58331	Quercus suber	2	2
129695	TIGR00607	59538	Pantholops hodgsonii	2	2
129695	TIGR00607	61853	Nomascus leucogenys	2	2
129695	TIGR00607	64144	Anabas testudineus	2	2
129695	TIGR00607	64459	Pieris rapae	2	2
129695	TIGR00607	65357	Albugo candida	2	2
129695	TIGR00607	76193	Papilio machaon	2	2
129695	TIGR00607	80966	Acanthochromis polyacanthus	2	2
129695	TIGR00607	80972	Amphiprion ocellaris	2	2
129695	TIGR00607	86259	Venturia nashicola	2	2
129695	TIGR00607	90262	Absidia repens	2	2
129695	TIGR00607	94827	Tinamus guttatus	2	2
129695	TIGR00607	97972	Periconia macrospinosa	2	2
129695	TIGR00607	98403	Drechmeria coniospora	2	2
129695	TIGR00607	98765	Phlebia centrifuga	2	2
129695	TIGR00607	100784	Balearica regulorum gibbericeps	2	2
129695	TIGR00607	103695	Pogona vitticeps	2	2
129695	TIGR00607	104259	Penicillium brasilianum	2	2
129695	TIGR00607	106582	Maylandia zebra	2	2
129695	TIGR00607	110368	Bicyclus anynana	2	2
129695	TIGR00607	113540	Scleropages formosus	2	2
129695	TIGR00607	117179	Tilletia walkeri	2	2
129695	TIGR00607	121759	Paracoccidioides brasiliensis	2	2
129695	TIGR00607	133412	Smittium culicis	2	2
129695	TIGR00607	135208	Hericium alpestre	2	2
129695	TIGR00607	148305	Pyricularia grisea	2	2
129695	TIGR00607	150288	Boleophthalmus pectinirostris	2	2
129695	TIGR00607	151549	Eumeta japonica	2	2
129695	TIGR00607	159749	Thalassiosira oceanica	2	2
129695	TIGR00607	176946	Python bivittatus	2	2
129695	TIGR00607	185453	Chrysochloris asiatica	2	2
129695	TIGR00607	215358	Larimichthys crocea	2	2
129695	TIGR00607	216574	Aquila chrysaetos canadensis	2	2
129695	TIGR00607	219809	Pseudomyrmex gracilis	2	2
129695	TIGR00607	226230	Saccharomyces kudriavzevii IFO 1802	2	2
129695	TIGR00607	232363	Synechococcus sp. CB0205	2	2
129695	TIGR00607	240206	Pterocles gutturalis	2	2
129695	TIGR00607	246437	Tupaia chinensis	2	2
129695	TIGR00607	299123	Lonchura striata domestica	2	2
129695	TIGR00607	299321	Denticeps clupeoides	2	2
129695	TIGR00607	308060	Apteryx rowi	2	2
129695	TIGR00607	329885	Friedmanniomyces endolithicus	2	2
129695	TIGR00607	331657	Cryomyces minteri	2	2
129695	TIGR00607	334116	Vanessa tameamea	2	2
129695	TIGR00607	345164	Falco cherrug	2	2
129695	TIGR00607	361077	Tieghemostelium lacteum	2	2
129695	TIGR00607	364199	Paracoccus homiensis	2	2
129695	TIGR00607	433476	Lachancea sp. CBS 6924	2	2
129695	TIGR00607	441366	Gouania willdenowi	2	2
129695	TIGR00607	454194	Pyrinomonas methylaliphatogenes	2	2
129695	TIGR00607	456900	Cyphomyrmex costatus	2	2
129695	TIGR00607	520822	Atta colombica	2	2
129695	TIGR00607	545124	Saccharomyces cerevisiae AWRI1631	2	2
129695	TIGR00607	559298	Blastomyces gilchristii SLH14081	2	2
129695	TIGR00607	566037	Saccharomycetaceae sp. 'Ashbya aceri'	2	2
129695	TIGR00607	576137	Phialocephala subalpina	2	2
129695	TIGR00607	578461	Nosema bombycis CQ1	2	2
129695	TIGR00607	588596	Rhizophagus irregularis	2	2
129695	TIGR00607	597456	Habropoda laboriosa	2	2
129695	TIGR00607	658473	Mycena chlorophos	2	2
129695	TIGR00607	669874	Pachysolen tannophilus NRRL Y-2460	2	2
129695	TIGR00607	764099	Saccharomyces cerevisiae Vin13	2	2
129695	TIGR00607	764102	Saccharomyces cerevisiae FostersB	2	2
129695	TIGR00607	765440	Piloderma croceum F 1598	2	2
129695	TIGR00607	796925	Conidiobolus coronatus NRRL 28638	2	2
129695	TIGR00607	857566	Nadsonia fulvescens var. elongata DSM 6958	2	2
129695	TIGR00607	946125	Diplocarpon rosae	2	2
129695	TIGR00607	983967	[Candida] arabinofermentans NRRL YB-2248	2	2
129695	TIGR00607	990650	Sphaerobolus stellatus SS14	2	2
129695	TIGR00607	1016849	Exophiala sideris	2	2
129695	TIGR00607	1081669	Hepatospora eriocheir	2	2
129695	TIGR00607	1094999	Candida albicans P76067	2	2
129695	TIGR00607	1108050	Rhizoctonia solani AG-1 IB	2	2
129695	TIGR00607	1134406	Ornatilinea apprima	2	2
129695	TIGR00607	1159556	Ustilaginoidea virens	2	2
129695	TIGR00607	1182967	Saccharomyces cerevisiae R103	2	2
129695	TIGR00607	1230905	Lachancea mirantina	2	2
129695	TIGR00607	1234273	Tachysurus fulvidraco	2	2
129695	TIGR00607	1245748	Aspergillus turcosus	2	2
129695	TIGR00607	1266660	Lachancea dasiensis CBS 10888	2	2
129695	TIGR00607	1266666	Lachancea nothofagi CBS 11611	2	2
129695	TIGR00607	1266667	Lachancea meyersii CBS 8951	2	2
129695	TIGR00607	1276136	Metarhizium guizhouense ARSEF 977	2	2
129695	TIGR00607	1276143	Metarhizium majus ARSEF 297	2	2
129695	TIGR00607	1314781	Exidia glandulosa HHB12029	2	2
129695	TIGR00607	1314790	Basidiobolus meristosporus CBS 931.73	2	2
129695	TIGR00607	1325634	Candida albicans Ca529L	2	2
129695	TIGR00607	1325734	Fusarium sp. AF-8	2	2
129695	TIGR00607	1365886	Zygosaccharomyces parabailii	2	2
129695	TIGR00607	1399860	Ophiocordyceps australis	2	2
129695	TIGR00607	1427455	Kluyveromyces dobzhanskii CBS 2104	2	2
129695	TIGR00607	1437191	Osmia bicornis bicornis	2	2
129695	TIGR00607	1448308	Corynespora cassiicola Philippines	2	2
129695	TIGR00607	1450538	Aspergillus violaceofuscus CBS 115571	2	2
129695	TIGR00607	1460502	Colletotrichum nymphaeae SA-01	2	2
129695	TIGR00607	1477025	Hyposmocoma kahamanoa	2	2
129695	TIGR00607	1507870	Rachicladosporium antarcticum	2	2
129695	TIGR00607	1555241	Caulochytrium protostelioides	2	2
129695	TIGR00607	1573173	Colletotrichum incanum	2	2
129695	TIGR00607	1654605	Lachancea quebecensis	2	2
129695	TIGR00607	1774970	Methyloceanibacter stevinii	2	2
129695	TIGR00607	1789683	Kazachstania saulgeensis	2	2
129695	TIGR00607	1798184	Sarcina sp. DSM 11001	2	2
129695	TIGR00607	1839762	Streptomyces sp. DvalAA-43	2	2
129695	TIGR00607	1895927	Chloroflexi bacterium 44-23	2	2
129695	TIGR00607	1913988	Alphaproteobacteria bacterium	2	2
129695	TIGR00607	1974281	Rachicladosporium sp. CCFEE 5018	2	2
129695	TIGR00607	2013726	Chloroflexi bacterium HGW-Chloroflexi-3	2	2
129695	TIGR00607	2022749	Sulfurimonas sp.	2	2
129695	TIGR00607	2025605	Synechococcus sp. 1G10	2	2
129695	TIGR00607	2026724	Chloroflexi bacterium	2	2
129695	TIGR00607	2026803	Candidatus Woesearchaeota archaeon	2	2
129695	TIGR00607	2028340	Meyerozyma sp. JA9	2	2
129695	TIGR00607	2161824	Altererythrobacter sp. HME9302	2	2
129695	TIGR00607	2483409	Nothophytophthora sp. Chile5	2	2
129695	TIGR00607	2507553	Aphanocapsa feldmannii 277cV	2	2
129695	TIGR00607	285006	Saccharomyces cerevisiae RM11-1a	1	45
129695	TIGR00607	1230071	Cryptococcus neoformans var. grubii Bt15	1	13
129695	TIGR00607	426428	Fusarium oxysporum f. sp. lycopersici 4287	1	12
129695	TIGR00607	1294310	Saccharomyces cerevisiae YJM450	1	12
129695	TIGR00607	1279085	Fusarium fujikuroi IMI 58289	1	10
129695	TIGR00607	235443	Cryptococcus neoformans var. grubii H99	1	8
129695	TIGR00607	498257	Verticillium dahliae VdLs.17	1	8
129695	TIGR00607	284591	Yarrowia lipolytica CLIB122	1	7
129695	TIGR00607	86661	Bacillus cereus group	1	6
129695	TIGR00607	1230065	Cryptococcus neoformans var. grubii AD1-83a	1	6
129695	TIGR00607	897	Desulfococcus multivorans	1	5
129695	TIGR00607	9305	Sarcophilus harrisii	1	5
129695	TIGR00607	227321	Aspergillus nidulans FGSC A4	1	5
129695	TIGR00607	229533	Fusarium graminearum PH-1	1	5
129695	TIGR00607	1094985	Candida albicans P37005	1	5
129695	TIGR00607	1317065	Phytophthora parasitica P1569	1	5
129695	TIGR00607	1354746	Ordospora colligata OC4	1	5
129695	TIGR00607	4952	Yarrowia lipolytica	1	4
129695	TIGR00607	60136	Sulfitobacter	1	4
129695	TIGR00607	109478	Myotis brandtii	1	4
129695	TIGR00607	214684	Cryptococcus neoformans var. neoformans JEC21	1	4
129695	TIGR00607	284813	Encephalitozoon cuniculi GB-M1	1	4
129695	TIGR00607	294750	Cryptococcus gattii VGII R265	1	4
129695	TIGR00607	332648	Botrytis cinerea B05.10	1	4
129695	TIGR00607	367775	Cryptococcus gattii WM276	1	4
129695	TIGR00607	759273	Colletotrichum higginsianum IMI 349063	1	4
129695	TIGR00607	936046	Agaricus bisporus var. bisporus H97	1	4
129695	TIGR00607	1204525	Streptomyces phage SV1	1	4
129695	TIGR00607	1526550	Sulfitobacter phage NYA-2014a	1	4
129695	TIGR00607	379	Rhizobium	1	3
129695	TIGR00607	1963	Streptomyces olivochromogenes	1	3
129695	TIGR00607	5059	Aspergillus flavus	1	3
129695	TIGR00607	8005	Electrophorus electricus	1	3
129695	TIGR00607	8090	Oryzias latipes	1	3
129695	TIGR00607	9595	Gorilla gorilla gorilla	1	3
129695	TIGR00607	9627	Vulpes vulpes	1	3
129695	TIGR00607	47500	Aneurinibacillus migulanus	1	3
129695	TIGR00607	114155	Dichomitus squalens	1	3
129695	TIGR00607	155416	Monosporascus cannonballus	1	3
129695	TIGR00607	183478	Stemphylium lycopersici	1	3
129695	TIGR00607	184922	Giardia lamblia ATCC 50803	1	3
129695	TIGR00607	229920	Leptolinea tardivitalis	1	3
129695	TIGR00607	229921	Levilinea saccharolytica	1	3
129695	TIGR00607	242507	Pyricularia oryzae 70-15	1	3
129695	TIGR00607	360411	Bellilinea caldifistulae	1	3
129695	TIGR00607	431241	Trichoderma reesei QM6a	1	3
129695	TIGR00607	441960	Talaromyces marneffei ATCC 18224	1	3
129695	TIGR00607	447095	Blastomyces dermatitidis ATCC 26199	1	3
129695	TIGR00607	510951	Neurospora tetrasperma FGSC 2508	1	3
129695	TIGR00607	515849	Podospora anserina S mat+	1	3
129695	TIGR00607	559305	Trichophyton rubrum CBS 118892	1	3
129695	TIGR00607	569365	Cladophialophora immunda	1	3
129695	TIGR00607	591936	Piliocolobus tephrosceles	1	3
129695	TIGR00607	643680	Saccharomyces cerevisiae EC1118	1	3
129695	TIGR00607	665024	Bipolaris maydis ATCC 48331	1	3
129695	TIGR00607	665079	Sclerotinia sclerotiorum 1980 UF-70	1	3
129695	TIGR00607	708186	Arcobacter trophiarum	1	3
129695	TIGR00607	764097	Saccharomyces cerevisiae AWRI796	1	3
129695	TIGR00607	764103	Mixia osmundae IAM 14324	1	3
129695	TIGR00607	873128	Meiothermus sp. Pnk-1	1	3
129695	TIGR00607	881290	Nematocida parisii ERTm1	1	3
129695	TIGR00607	913109	Arcobacter ellisii	1	3
129695	TIGR00607	983964	Trichoderma harzianum CBS 226.95	1	3
129695	TIGR00607	1094997	Candida albicans P75063	1	3
129695	TIGR00607	1130832	Rhodotorula toruloides NP11	1	3
129695	TIGR00607	1170711	Streptomyces sp. W75	1	3
129695	TIGR00607	1176355	Hamiltosporidium tvaerminnensis	1	3
129695	TIGR00607	1235591	Pseudorhodoplanes sinuspersici	1	3
129695	TIGR00607	1294335	Saccharomyces cerevisiae YJM1199	1	3
129695	TIGR00607	1296122	Kwoniella mangroviensis CBS 8507	1	3
129695	TIGR00607	1340429	Rhizopus microsporus ATCC 52813	1	3
129695	TIGR00607	1442371	Fonsecaea multimorphosa CBS 102226	1	3
129695	TIGR00607	293	Brevundimonas diminuta	1	2
129695	TIGR00607	1428	Bacillus thuringiensis	1	2
129695	TIGR00607	4098	Nicotiana tomentosiformis	1	2
129695	TIGR00607	4236	Lactuca sativa	1	2
129695	TIGR00607	4781	Plasmopara halstedii	1	2
129695	TIGR00607	4792	Phytophthora parasitica	1	2
129695	TIGR00607	4999	Kockovaella imperatae	1	2
129695	TIGR00607	6412	Helobdella robusta	1	2
129695	TIGR00607	6526	Biomphalaria glabrata	1	2
129695	TIGR00607	8030	Salmo salar	1	2
129695	TIGR00607	9209	Phalacrocorax carbo	1	2
129695	TIGR00607	10228	Trichoplax adhaerens	1	2
129695	TIGR00607	30419	Opisthocomus hoazin	1	2
129695	TIGR00607	30455	Fulmarus glacialis	1	2
129695	TIGR00607	31033	Takifugu rubripes	1	2
129695	TIGR00607	36300	Pelecanus crispus	1	2
129695	TIGR00607	37040	Gavia stellata	1	2
129695	TIGR00607	40302	Nosema ceranae	1	2
129695	TIGR00607	41047	Aspergillus thermomutatus	1	2
129695	TIGR00607	41067	Aspergillus candidus	1	2
129695	TIGR00607	44674	Sulfurospirillum barnesii	1	2
129695	TIGR00607	45351	Nematostella vectensis	1	2
129695	TIGR00607	45357	[Candida] haemulonis	1	2
129695	TIGR00607	45607	Wickerhamiella sorbophila	1	2
129695	TIGR00607	46224	Bacillus sporothermodurans	1	2
129695	TIGR00607	46731	Pocillopora damicornis	1	2
129695	TIGR00607	48699	Poecilia latipinna	1	2
129695	TIGR00607	49390	Coffea canephora	1	2
129695	TIGR00607	49451	Nicotiana attenuata	1	2
129695	TIGR00607	50402	Charadrius vociferus	1	2
129695	TIGR00607	52644	Haliaeetus leucocephalus	1	2
129695	TIGR00607	53399	Hyphomicrobium denitrificans	1	2
129695	TIGR00607	54374	Mesitornis unicolor	1	2
129695	TIGR00607	54380	Cariama cristata	1	2
129695	TIGR00607	55661	Cuculus canorus	1	2
129695	TIGR00607	56313	Tyto alba	1	2
129695	TIGR00607	56646	Fusarium venenatum	1	2
129695	TIGR00607	57068	Acanthisitta chloris	1	2
129695	TIGR00607	57421	Merops nubicus	1	2
129695	TIGR00607	58853	Trichoderma citrinoviride	1	2
129695	TIGR00607	58919	Tilletiopsis washingtonensis	1	2
129695	TIGR00607	61622	Rhinopithecus roxellana	1	2
129695	TIGR00607	64571	Lobosporangium transversale	1	2
129695	TIGR00607	67386	Streptomyces yokosukanensis	1	2
129695	TIGR00607	67593	Phytophthora sojae	1	2
129695	TIGR00607	68895	Cupriavidus basilensis	1	2
129695	TIGR00607	74940	Oncorhynchus tshawytscha	1	2
129695	TIGR00607	76775	Malassezia restricta	1	2
129695	TIGR00607	77020	Malassezia pachydermatis	1	2
129695	TIGR00607	84645	Labeo rohita	1	2
129695	TIGR00607	84753	Moesziomyces antarcticus	1	2
129695	TIGR00607	91928	Exophiala spinifera	1	2
129695	TIGR00607	95161	Saccharopolyspora flava	1	2
129695	TIGR00607	97097	Phaethon lepturus	1	2
129695	TIGR00607	105984	Apiotrichum porosum	1	2
129695	TIGR00607	108015	Bradyrhizobium yuanmingense	1	2
129695	TIGR00607	109264	Aspergillus bombycis	1	2
129695	TIGR00607	112498	Ramularia collo-cygni	1	2
129695	TIGR00607	118200	Picoides pubescens	1	2
129695	TIGR00607	119224	Streptococcus phocae	1	2
129695	TIGR00607	121530	Tauraco erythrolophus	1	2
129695	TIGR00607	122368	Cercospora beticola	1	2
129695	TIGR00607	128390	Nipponia nippon	1	2
129695	TIGR00607	130081	Galdieria sulphuraria	1	2
129695	TIGR00607	138278	Aspergillus ochraceoroseus	1	2
129695	TIGR00607	149040	Phialocephala scopiformis	1	2
129695	TIGR00607	157072	Aphanomyces invadans	1	2
129695	TIGR00607	175836	Buceros rhinoceros silvestris	1	2
129695	TIGR00607	176057	Nestor notabilis	1	2
129695	TIGR00607	180163	Cetobacterium ceti	1	2
129695	TIGR00607	181663	Desulfococcus oleovorans	1	2
129695	TIGR00607	187382	Chlamydotis macqueenii	1	2
129695	TIGR00607	188344	Leptosomus discolor	1	2
129695	TIGR00607	188379	Egretta garzetta	1	2
129695	TIGR00607	215243	Exophiala oligosperma	1	2
129695	TIGR00607	215250	Acaromyces ingoldii	1	2
129695	TIGR00607	220622	Sulfurospirillum sp. JPD-1	1	2
129695	TIGR00607	222929	Coccidioides posadasii C735 delta SOWgp	1	2
129695	TIGR00607	225164	Lottia gigantea	1	2
129695	TIGR00607	232348	Synechococcus sp. CB0101	1	2
129695	TIGR00607	236234	Diplodia corticola	1	2
129695	TIGR00607	237631	Ustilago maydis 521	1	2
129695	TIGR00607	240167	Thermovibrio guaymasensis	1	2
129695	TIGR00607	240176	Coprinopsis cinerea okayama7#130	1	2
129695	TIGR00607	245562	Acidomyces richmondensis	1	2
129695	TIGR00607	246410	Coccidioides immitis RS	1	2
129695	TIGR00607	252598	Saccharomyces sp. 'boulardii'	1	2
129695	TIGR00607	253628	Verruconis gallopava	1	2
129695	TIGR00607	254056	Fonsecaea monophora	1	2
129695	TIGR00607	264951	Byssochlamys spectabilis	1	2
129695	TIGR00607	269259	Nitratiruptor tergarcus	1	2
129695	TIGR00607	269261	Nitratifractor salsuginis	1	2
129695	TIGR00607	280699	Cyanidioschyzon merolae strain 10D	1	2
129695	TIGR00607	289078	Microbotryum saponariae	1	2
129695	TIGR00607	290292	Penicillium sp. 'occitanis'	1	2
129695	TIGR00607	296543	Thalassiosira pseudonana CCMP1335	1	2
129695	TIGR00607	306901	Chaetomium globosum CBS 148.51	1	2
129695	TIGR00607	321614	Parastagonospora nodorum SN15	1	2
129695	TIGR00607	322104	Scheffersomyces stipitis CBS 6054	1	2
129695	TIGR00607	330879	Aspergillus fumigatus Af293	1	2
129695	TIGR00607	331117	Aspergillus fischeri NRRL 181	1	2
129695	TIGR00607	332952	Aspergillus flavus NRRL3357	1	2
129695	TIGR00607	334819	Fusarium verticillioides 7600	1	2
129695	TIGR00607	336963	Uncinocarpus reesii 1704	1	2
129695	TIGR00607	339724	Histoplasma capsulatum NAm1	1	2
129695	TIGR00607	341663	Aspergillus terreus NIH2624	1	2
129695	TIGR00607	342668	Pseudogymnoascus verrucosus	1	2
129695	TIGR00607	344612	Aspergillus clavatus NRRL 1	1	2
129695	TIGR00607	348802	Exophiala xenobiotica	1	2
129695	TIGR00607	383855	Pseudocercospora fijiensis CIRAD86	1	2
129695	TIGR00607	413071	Trichoderma virens Gv29-8	1	2
129695	TIGR00607	418459	Puccinia graminis f. sp. tritici CRL 75-36-700-3	1	2
129695	TIGR00607	418784	[Candida] pseudohaemulonis	1	2
129695	TIGR00607	426418	Pyrenophora tritici-repentis Pt-1C-BFP	1	2
129695	TIGR00607	431895	Monosiga brevicollis MX1	1	2
129695	TIGR00607	441959	Talaromyces stipitatus ATCC 10500	1	2
129695	TIGR00607	452589	Trichoderma atroviride IMI 206040	1	2
129695	TIGR00607	460523	Ogataea polymorpha	1	2
129695	TIGR00607	486041	Laccaria bicolor S238N-H82	1	2
129695	TIGR00607	500485	Penicillium rubens Wisconsin 54-1255	1	2
129695	TIGR00607	502779	Paracoccidioides lutzii Pb01	1	2
129695	TIGR00607	502780	Paracoccidioides brasiliensis Pb18	1	2
129695	TIGR00607	505249	Arcobacter marinus	1	2
129695	TIGR00607	510516	Aspergillus oryzae RIB40	1	2
129695	TIGR00607	526221	Verticillium alfalfae VaMs.102	1	2
129695	TIGR00607	535722	Nannizzia gypsea CBS 118893	1	2
129695	TIGR00607	542832	Peronospora effusa	1	2
129695	TIGR00607	554155	Microsporum canis CBS 113480	1	2
129695	TIGR00607	563466	Scedosporium apiospermum	1	2
129695	TIGR00607	573729	Thermothelomyces thermophilus ATCC 42464	1	2
129695	TIGR00607	574566	Coccomyxa subellipsoidea C-169	1	2
129695	TIGR00607	578455	Thielavia terrestris NRRL 8126	1	2
129695	TIGR00607	578457	Serpula lacrymans var. lacrymans S7.9	1	2
129695	TIGR00607	578458	Schizophyllum commune H4-8	1	2
129695	TIGR00607	578459	Rhodotorula graminis WP1	1	2
129695	TIGR00607	598745	Giardia intestinalis ATCC 50581	1	2
129695	TIGR00607	599839	Fibroporia radiculosa	1	2
129695	TIGR00607	643671	Larkinella arboricola	1	2
129695	TIGR00607	644352	Gaeumannomyces tritici R3-111a-1	1	2
129695	TIGR00607	645133	Colletotrichum graminicola M1.001	1	2
129695	TIGR00607	650164	Phanerochaete carnosa HHB-10118-sp	1	2
129695	TIGR00607	655819	Beauveria bassiana ARSEF 2860	1	2
129695	TIGR00607	655827	Metarhizium acridum CQMa 102	1	2
129695	TIGR00607	655844	Metarhizium robertsii ARSEF 23	1	2
129695	TIGR00607	655863	Grosmannia clavigera kw1407	1	2
129695	TIGR00607	655981	Pseudogymnoascus destructans	1	2
129695	TIGR00607	656061	Tuber melanosporum Mel28	1	2
129695	TIGR00607	660025	Fusarium oxysporum Fo5176	1	2
129695	TIGR00607	660122	[Nectria] haematococca mpVI 77-13-4	1	2
129695	TIGR00607	662367	Spirosoma endophyticum	1	2
129695	TIGR00607	663202	Trichophyton verrucosum HKI 0517	1	2
129695	TIGR00607	663275	Fibrisoma limi	1	2
129695	TIGR00607	663331	Trichophyton benhamiae CBS 112371	1	2
129695	TIGR00607	665912	Bipolaris sorokiniana ND90Pr	1	2
129695	TIGR00607	670483	Gloeophyllum trabeum ATCC 11539	1	2
129695	TIGR00607	670580	Postia placenta MAD-698-R-SB12	1	2
129695	TIGR00607	671144	Wallemia mellicola CBS 633.66	1	2
129695	TIGR00607	671987	Exserohilum turcica Et28A	1	2
129695	TIGR00607	684364	Batrachochytrium dendrobatidis JAM81	1	2
129695	TIGR00607	690307	Aspergillus aculeatus ATCC 16872	1	2
129695	TIGR00607	691883	Fonticula alba	1	2
129695	TIGR00607	692275	Sphaerulina musiva SO2202	1	2
129695	TIGR00607	694068	Fomitiporia mediterranea MF3/22	1	2
129695	TIGR00607	695850	Saprolegnia parasitica CBS 223.65	1	2
129695	TIGR00607	717646	Baudoinia panamericana UAMH 10762	1	2
129695	TIGR00607	717785	Hyphomicrobium sp. MC1	1	2
129695	TIGR00607	717944	Trametes versicolor FP-101664 SS1	1	2
129695	TIGR00607	721032	Saccharomyces cerevisiae Kyokai no. 7	1	2
129695	TIGR00607	721885	Stereum hirsutum FP-91666 SS1	1	2
129695	TIGR00607	741275	Punctularia strigosozonata HHB-11173 SS5	1	2
129695	TIGR00607	741705	Coniophora puteana RWD-64-598 SS2	1	2
129695	TIGR00607	747525	Heterobasidion irregulare TC 32-1	1	2
129695	TIGR00607	747676	Melampsora larici-populina 98AG31	1	2
129695	TIGR00607	756982	Arthrobotrys oligospora ATCC 24927	1	2
129695	TIGR00607	759272	Chaetomium thermophilum var. thermophilum DSM 1495	1	2
129695	TIGR00607	761204	Phytophthora parasitica INRA-310	1	2
129695	TIGR00607	763407	Phycomyces blakesleeanus NRRL 1555(-)	1	2
129695	TIGR00607	771870	Sordaria macrospora k-hell	1	2
129695	TIGR00607	796027	Sugiyamaella lignohabitans	1	2
129695	TIGR00607	856822	Fonsecaea nubica	1	2
129695	TIGR00607	857342	Amorphotheca resinae ATCC 22711	1	2
129695	TIGR00607	858423	Bradyrhizobium arachidis	1	2
129695	TIGR00607	858893	Exophiala dermatitidis NIH/UT8656	1	2
129695	TIGR00607	873191	Arcobacter defluvii	1	2
129695	TIGR00607	876142	Encephalitozoon intestinalis ATCC 50506	1	2
129695	TIGR00607	879819	Cutaneotrichosporon oleaginosum	1	2
129695	TIGR00607	888827	Arcobacter butzleri JV22	1	2
129695	TIGR00607	907965	Encephalitozoon hellem ATCC 50504	1	2
129695	TIGR00607	930089	Bipolaris zeicola 26-R-13	1	2
129695	TIGR00607	930090	Bipolaris oryzae ATCC 44560	1	2
129695	TIGR00607	930091	Bipolaris victoriae FI3	1	2
129695	TIGR00607	944170	Blastocystis sp. subtype 4	1	2
129695	TIGR00607	946362	Salpingoeca rosetta	1	2
129695	TIGR00607	948595	Vavraia culicis subsp. floridensis	1	2
129695	TIGR00607	983644	Cordyceps militaris CM01	1	2
129695	TIGR00607	985895	Leptosphaeria maculans JN3	1	2
129695	TIGR00607	988480	Rozella allomycis CSF55	1	2
129695	TIGR00607	993615	Vittaforma corneae ATCC 50505	1	2
129695	TIGR00607	1028729	Fusarium pseudograminearum CS3096	1	2
129695	TIGR00607	1033177	Aspergillus kawachii IFO 4308	1	2
129695	TIGR00607	1037660	Tilletiaria anomala UBC 951	1	2
129695	TIGR00607	1042311	Trichoderma asperellum CBS 433.97	1	2
129695	TIGR00607	1043004	Aureobasidium namibiae CBS 147.97	1	2
129695	TIGR00607	1043005	Aureobasidium subglaciale EXF-2481	1	2
129695	TIGR00607	1051616	Verticillium nonalfalfae	1	2
129695	TIGR00607	1054033	Arcobacter venerupis	1	2
129695	TIGR00607	1069680	Pneumocystis murina B123	1	2
129695	TIGR00607	1072389	Marssonina brunnea f. sp. 'multigermtubi' MB_m1	1	2
129695	TIGR00607	1073090	Penicilliopsis zonata CBS 506.65	1	2
129695	TIGR00607	1080344	Fusarium oxysporum f. sp. pisi HDV247	1	2
129695	TIGR00607	1081104	Cordyceps fumosorosea ARSEF 2679	1	2
129695	TIGR00607	1086054	Rhizoctonia solani AG-3 Rhs1AP	1	2
129695	TIGR00607	1094984	Candida albicans P87	1	2
129695	TIGR00607	1095630	Meliniomyces bicolor E	1	2
129695	TIGR00607	1116229	Glarea lozoyensis ATCC 20868	1	2
129695	TIGR00607	1143189	Pyricularia oryzae Y34	1	2
129695	TIGR00607	1144308	Brevibacillus sp. BC25	1	2
129695	TIGR00607	1156394	Saprolegnia diclina VS20	1	2
129695	TIGR00607	1160497	Aspergillus glaucus CBS 516.65	1	2
129695	TIGR00607	1160506	Aspergillus oryzae 3.042	1	2
129695	TIGR00607	1170230	Penicillium digitatum Pd1	1	2
129695	TIGR00607	1178016	Encephalitozoon romaleae SJ-2008	1	2
129695	TIGR00607	1178516	Spirosoma montaniterrae	1	2
129695	TIGR00607	1182541	Capronia coronata CBS 617.96	1	2
129695	TIGR00607	1182542	Capronia epimyces CBS 606.96	1	2
129695	TIGR00607	1182543	Cladophialophora psammophila CBS 110553	1	2
129695	TIGR00607	1182544	Cladophialophora yegresii CBS 114405	1	2
129695	TIGR00607	1182545	Exophiala aquamarina CBS 119918	1	2
129695	TIGR00607	1186058	Trichosporon asahii var. asahii CBS 2479	1	2
129695	TIGR00607	1209926	Colletotrichum orchidophilum	1	2
129695	TIGR00607	1220924	Cyphellophora europaea CBS 101466	1	2
129695	TIGR00607	1229662	Pestalotiopsis fici W106-1	1	2
129695	TIGR00607	1229664	Fusarium oxysporum f. sp. cubense race 1	1	2
129695	TIGR00607	1229665	Fusarium oxysporum f. sp. cubense race 4	1	2
129695	TIGR00607	1230073	Cryptococcus neoformans var. grubii Bt1	1	2
129695	TIGR00607	1230077	Cryptococcus neoformans var. grubii Tu401-1	1	2
129695	TIGR00607	1230079	Cryptococcus neoformans var. grubii 125.91	1	2
129695	TIGR00607	1231522	[Candida] duobushaemulonis	1	2
129695	TIGR00607	1257118	Acanthamoeba castellanii str. Neff	1	2
129695	TIGR00607	1263415	Endocarpon pusillum Z07020	1	2
129695	TIGR00607	1276141	Metarhizium brunneum ARSEF 3297	1	2
129695	TIGR00607	1276532	Zymoseptoria tritici ST99CH_1E4	1	2
129695	TIGR00607	1277687	Anthracocystis flocculosa PF-1	1	2
129695	TIGR00607	1279043	Cladophialophora carrionii CBS 160.54	1	2
129695	TIGR00607	1280524	Stachybotrys chartarum IBT 40293	1	2
129695	TIGR00607	1280837	Meira miltonrushii	1	2
129695	TIGR00607	1285242	Magnetospirillum marisnigri	1	2
129695	TIGR00607	1286976	Phaeoacremonium minimum UCRPA7	1	2
129695	TIGR00607	1291518	Metarhizium anisopliae BRIP 53293	1	2
129695	TIGR00607	1294308	Saccharomyces cerevisiae YJM270	1	2
129695	TIGR00607	1294373	Saccharomyces cerevisiae YJM1443	1	2
129695	TIGR00607	1295528	Tsuchiyaea wingfieldii CBS 7118	1	2
129695	TIGR00607	1295533	Cryptococcus amylolentus CBS 6039	1	2
129695	TIGR00607	1296096	Kwoniella pini CBS 10737	1	2
129695	TIGR00607	1296100	Kwoniella bestiolae CBS 10118	1	2
129695	TIGR00607	1296106	Cryptococcus gattii VGII LA55	1	2
129695	TIGR00607	1296120	Kwoniella heveanensis BCC8398	1	2
129695	TIGR00607	1296121	Kwoniella dejecticola CBS 10117	1	2
129695	TIGR00607	1299270	Wallemia ichthyophaga EXF-994	1	2
129695	TIGR00607	1305764	Pseudozyma hubeiensis SY62	1	2
129695	TIGR00607	1314773	Sodiomyces alkalinus F11	1	2
129695	TIGR00607	1328760	Xylona heveae TC161	1	2
129695	TIGR00607	1341132	Aspergillus welwitschiae	1	2
129695	TIGR00607	1365824	Kalmanozyma brasiliensis GHG001	1	2
129695	TIGR00607	1367422	Fonsecaea erecta	1	2
129695	TIGR00607	1380566	Pochonia chlamydosporia 170	1	2
129695	TIGR00607	1392242	Aspergillus flavus AF70	1	2
129695	TIGR00607	1392248	Aspergillus campestris IBT 28561	1	2
129695	TIGR00607	1392250	Aspergillus steynii IBT 23096	1	2
129695	TIGR00607	1392255	Aspergillus novofumigatus IBT 16806	1	2
129695	TIGR00607	1397361	Sporothrix schenckii 1099-18	1	2
129695	TIGR00607	1408163	Rasamsonia emersonii CBS 393.64	1	2
129695	TIGR00607	1408657	Pneumocystis jirovecii RU7	1	2
129695	TIGR00607	1408658	Pneumocystis carinii B80	1	2
129695	TIGR00607	1441469	Talaromyces atroroseus	1	2
129695	TIGR00607	1442368	Fonsecaea pedrosoi CBS 271.37	1	2
129695	TIGR00607	1442369	Rhinocladiella mackenziei CBS 650.93	1	2
129695	TIGR00607	1442370	Cladophialophora bantiana CBS 173.52	1	2
129695	TIGR00607	1448311	Aspergillus vadensis CBS 113365	1	2
129695	TIGR00607	1448312	Aspergillus japonicus CBS 114.51	1	2
129695	TIGR00607	1448313	Aspergillus piperis CBS 112811	1	2
129695	TIGR00607	1448314	Aspergillus eucalypticola CBS 122712	1	2
129695	TIGR00607	1448316	Aspergillus ibericus CBS 121593	1	2
129695	TIGR00607	1448317	Aspergillus costaricaensis CBS 115574	1	2
129695	TIGR00607	1448321	Aspergillus heteromorphus CBS 117.55	1	2
129695	TIGR00607	1448322	Aspergillus aculeatinus CBS 121060	1	2
129695	TIGR00607	1450533	Aspergillus lacticoffeatus CBS 101883	1	2
129695	TIGR00607	1450534	Aspergillus brunneoviolaceus CBS 621.78	1	2
129695	TIGR00607	1450535	Aspergillus sclerotioniger CBS 115572	1	2
129695	TIGR00607	1450537	Aspergillus homomorphus CBS 101889	1	2
129695	TIGR00607	1450539	Aspergillus saccharolyticus JOP 1030-1	1	2
129695	TIGR00607	1458461	Candidatus Phaeomarinobacter ectocarpi	1	2
129695	TIGR00607	1460663	Paraphaeosphaeria sporulosa	1	2
129695	TIGR00607	1469603	Spirosoma oryzae	1	2
129695	TIGR00607	1485682	Mitosporidium daphniae	1	2
129695	TIGR00607	1509407	Aspergillus nomius NRRL 13137	1	2
129695	TIGR00607	1522189	Ceraceosorus guamensis	1	2
129695	TIGR00607	1542677	Mameliella alba	1	2
129695	TIGR00607	1566278	Paenibacillus sp. 1_12	1	2
129695	TIGR00607	1569628	Jaminaea rosea	1	2
129695	TIGR00607	1597977	Spirosoma fluviale	1	2
129695	TIGR00607	1630136	Sulfurovum riftiae	1	2
129695	TIGR00607	1664694	Phialophora attae	1	2
129695	TIGR00607	1678840	Flexilinea flocculi	1	2
129695	TIGR00607	1684307	Pseudomicrostroma glucosiphilum	1	2
129695	TIGR00607	1735676	Sphingomonas sp. Leaf10	1	2
129695	TIGR00607	1736255	Methylobacterium sp. Leaf106	1	2
129695	TIGR00607	1736466	Pseudolabrys sp. Root1462	1	2
129695	TIGR00607	1743140	Arthrobacter sp. EpRS66	1	2
129695	TIGR00607	1772319	Arthrobacter phage Tank	1	2
129695	TIGR00607	1774969	Methyloceanibacter superfactus	1	2
129695	TIGR00607	1774971	Methyloceanibacter marginalis	1	2
129695	TIGR00607	1805313	Parcubacteria group bacterium CG1_02_58_44	1	2
129695	TIGR00607	1810919	Aspergillus mulundensis	1	2
129695	TIGR00607	1835702	Penicillium arizonense	1	2
129695	TIGR00607	1851505	Cyanobium sp. NIES-981	1	2
129695	TIGR00607	1912871	Arcobacter canalis	1	2
129695	TIGR00607	1912876	Arcobacter sp. RW43-9	1	2
129695	TIGR00607	1920311	Streptomyces phage Picard	1	2
129695	TIGR00607	1955701	Spirosoma sp. 209	1	2
129695	TIGR00607	1975555	archaeon CG06_land_8_20_14_3_00_37_11	1	2
129695	TIGR00607	2023153	Haloarcobacter mediterraneus	1	2
129695	TIGR00607	2027466	Arcobacter sp. LMG 29976	1	2
129695	TIGR00607	2029849	Marinicauda algicola	1	2
129695	TIGR00607	2035451	Rhizobium sp. L18	1	2
129695	TIGR00607	2044505	Arcobacter sp. CECT 9188	1	2
129695	TIGR00607	2044512	Arcobacter sp. F155	1	2
129695	TIGR00607	2052956	Pseudomonas sp. ACM7	1	2
129695	TIGR00607	2073117	Anaerolineales bacterium	1	2
129695	TIGR00607	2116684	Cyanobium usitatum str. Tous	1	2
129695	TIGR00607	2126555	Glycomyces paridis	1	2
129695	TIGR00607	2162710	Streptomyces sp. CS090A	1	2
129695	TIGR00607	2183553	Spirosoma sp. HMF3257	1	2
129695	TIGR00607	2203206	Streptomyces sp. WAC 04229	1	2
129695	TIGR00607	2259340	Paracoccus sp. SC2-6	1	2
129695	TIGR00607	2305895	Fibrisoma sp. HYT19	1	2
129695	TIGR00607	2419776	Robbsia sp. DHC34	1	2
129695	TIGR00607	2488860	Erythrobacter sp. HN-E23	1	2
129695	TIGR00607	2512173	Larkinella sp. BK230	1	2
129695	TIGR00607	2530368	Actinomadura sp. H3C3	1	2
129695	TIGR00607	2576037	Arcobacter sp. CAU 1517	1	2
129695	TIGR00607	200	Campylobacter curvus	1	1
129695	TIGR00607	316	Pseudomonas stutzeri	1	1
129695	TIGR00607	374	Bradyrhizobium	1	1
129695	TIGR00607	562	Escherichia coli	1	1
129695	TIGR00607	1829	Rhodococcus rhodochrous	1	1
129695	TIGR00607	1911	Streptomyces griseus	1	1
129695	TIGR00607	1930	Streptomyces scabiei	1	1
129695	TIGR00607	2786	Porphyra umbilicalis	1	1
129695	TIGR00607	2880	Ectocarpus siliculosus	1	1
129695	TIGR00607	4113	Solanum tuberosum	1	1
129695	TIGR00607	4779	Bremia lactucae	1	1
129695	TIGR00607	4790	Phytophthora nicotianae	1	1
129695	TIGR00607	4846	Rhizopus stolonifer	1	1
129695	TIGR00607	4903	Cyberlindnera jadinii	1	1
129695	TIGR00607	4911	Kluyveromyces marxianus	1	1
129695	TIGR00607	5005	Sporidiobolus salmonicolor	1	1
129695	TIGR00607	5025	Venturia inaequalis	1	1
129695	TIGR00607	5062	Aspergillus oryzae	1	1
129695	TIGR00607	5075	Penicillium camemberti	1	1
129695	TIGR00607	5076	Penicillium chrysogenum	1	1
129695	TIGR00607	5078	Penicillium griseofulvum	1	1
129695	TIGR00607	5217	Tremella mesenterica	1	1
129695	TIGR00607	5286	Rhodotorula toruloides	1	1
129695	TIGR00607	5353	Lentinula edodes	1	1
129695	TIGR00607	5364	Heliocybe sulcata	1	1
129695	TIGR00607	5421	Xanthophyllomyces dendrorhous	1	1
129695	TIGR00607	5454	Ascochyta rabiei	1	1
129695	TIGR00607	5466	Colletotrichum trifolii	1	1
129695	TIGR00607	5501	Coccidioides immitis	1	1
129695	TIGR00607	5514	Fusarium sporotrichioides	1	1
129695	TIGR00607	5516	Fusarium culmorum	1	1
129695	TIGR00607	5530	Metarhizium anisopliae	1	1
129695	TIGR00607	5539	Scytalidium lignicola	1	1
129695	TIGR00607	5551	Trichophyton rubrum	1	1
129695	TIGR00607	5601	Phialophora americana	1	1
129695	TIGR00607	5627	Grifola frondosa	1	1
129695	TIGR00607	5643	Trametes cinnabarina	1	1
129695	TIGR00607	5741	Giardia intestinalis	1	1
129695	TIGR00607	5755	Acanthamoeba castellanii	1	1
129695	TIGR00607	5759	Entamoeba histolytica	1	1
129695	TIGR00607	6500	Aplysia californica	1	1
129695	TIGR00607	6565	Crassostrea virginica	1	1
129695	TIGR00607	6669	Daphnia pulex	1	1
129695	TIGR00607	6973	Blattella germanica	1	1
129695	TIGR00607	7102	Heliothis virescens	1	1
129695	TIGR00607	7111	Trichoplusia ni	1	1
129695	TIGR00607	7137	Galleria mellonella	1	1
129695	TIGR00607	7425	Nasonia vitripennis	1	1
129695	TIGR00607	7668	Strongylocentrotus purpuratus	1	1
129695	TIGR00607	7897	Latimeria chalumnae	1	1
129695	TIGR00607	7906	Acipenser ruthenus	1	1
129695	TIGR00607	7918	Lepisosteus oculatus	1	1
129695	TIGR00607	7950	Clupea harengus	1	1
129695	TIGR00607	8019	Oncorhynchus kisutch	1	1
129695	TIGR00607	8128	Oreochromis niloticus	1	1
129695	TIGR00607	8663	Notechis scutatus	1	1
129695	TIGR00607	8665	Ophiophagus hannah	1	1
129695	TIGR00607	8673	Pseudonaja textilis	1	1
129695	TIGR00607	9009	Callipepla squamata	1	1
129695	TIGR00607	9014	Colinus virginianus	1	1
129695	TIGR00607	9135	Serinus canaria	1	1
129695	TIGR00607	9172	Sturnus vulgaris	1	1
129695	TIGR00607	9371	Echinops telfairi	1	1
129695	TIGR00607	9696	Puma concolor	1	1
129695	TIGR00607	9708	Odobenus rosmarus divergens	1	1
129695	TIGR00607	9713	Leptonychotes weddellii	1	1
129695	TIGR00607	9733	Orcinus orca	1	1
129695	TIGR00607	9837	Camelus bactrianus	1	1
129695	TIGR00607	9978	Ochotona princeps	1	1
129695	TIGR00607	10224	Saccoglossus kowalevskii	1	1
129695	TIGR00607	12930	Amazona aestiva	1	1
129695	TIGR00607	12957	Atta cephalotes	1	1
129695	TIGR00607	13146	Melopsittacus undulatus	1	1
129695	TIGR00607	13290	Tilletia caries	1	1
129695	TIGR00607	13291	Tilletia controversa	1	1
129695	TIGR00607	13347	Armadillidium vulgare	1	1
129695	TIGR00607	13349	Arthrobotrys oligospora	1	1
129695	TIGR00607	13370	Brettanomyces naardenensis	1	1
129695	TIGR00607	13706	Syncephalastrum racemosum	1	1
129695	TIGR00607	27337	Verticillium dahliae	1	1
129695	TIGR00607	27342	Schizopora paradoxa	1	1
129695	TIGR00607	27349	Puccinia sorghi	1	1
129695	TIGR00607	28573	Talaromyces islandicus	1	1
129695	TIGR00607	28737	Elephantulus edwardii	1	1
129695	TIGR00607	29053	Copidosoma floridanum	1	1
129695	TIGR00607	29088	Neomonachus schauinslandi	1	1
129695	TIGR00607	29833	Hanseniaspora uvarum	1	1
129695	TIGR00607	29845	Penicillium vulpinum	1	1
129695	TIGR00607	29920	Phytophthora cactorum	1	1
129695	TIGR00607	30195	Bombus terrestris	1	1
129695	TIGR00607	30611	Otolemur garnettii	1	1
129695	TIGR00607	32630	synthetic construct	1	1
129695	TIGR00607	34388	Trichophyton violaceum	1	1
129695	TIGR00607	34475	Fomitopsis rosea	1	1
129695	TIGR00607	35019	Thamnophis sirtalis	1	1
129695	TIGR00607	35525	Daphnia magna	1	1
129695	TIGR00607	35608	Artemisia annua	1	1
129695	TIGR00607	35720	Thielavia terrestris	1	1
129695	TIGR00607	35722	Parasitella parasitica	1	1
129695	TIGR00607	36050	Fusarium poae	1	1
129695	TIGR00607	36646	Penicillium coprophilum	1	1
129695	TIGR00607	36911	Clavispora lusitaniae	1	1
129695	TIGR00607	37003	Kryptolebias marmoratus	1	1
129695	TIGR00607	37344	Athalia rosae	1	1
129695	TIGR00607	37727	Talaromyces marneffei	1	1
129695	TIGR00607	37929	Glutamicibacter nicotianae	1	1
129695	TIGR00607	37992	Xylaria hypoxylon	1	1
129695	TIGR00607	38038	Rhynchosporium secalis	1	1
129695	TIGR00607	38457	Monilinia fructigena	1	1
129695	TIGR00607	39966	Hypsizygus marmoreus	1	1
129695	TIGR00607	40199	Fusarium avenaceum	1	1
129695	TIGR00607	40296	Penicillium italicum	1	1
129695	TIGR00607	41688	Lomentospora prolificans	1	1
129695	TIGR00607	42068	Pneumocystis jirovecii	1	1
129695	TIGR00607	42251	Tuber borchii	1	1
129695	TIGR00607	42254	Sorex araneus	1	1
129695	TIGR00607	42673	Fusarium nygamai	1	1
129695	TIGR00607	43992	Bradyrhizobium liaoningense	1	1
129695	TIGR00607	44316	Erythrura gouldiae	1	1
129695	TIGR00607	45235	Tolypocladium capitatum	1	1
129695	TIGR00607	45264	Acropora millepora	1	1
129695	TIGR00607	46360	Cervus elaphus hippelaphus	1	1
129695	TIGR00607	47257	Duddingtonia flagrans	1	1
129695	TIGR00607	47427	Armillaria gallica	1	1
129695	TIGR00607	47428	Armillaria ostoyae	1	1
129695	TIGR00607	48697	Penicillium freii	1	1
129695	TIGR00607	48703	Podospora comata	1	1
129695	TIGR00607	48883	Geospiza fortis	1	1
129695	TIGR00607	49369	Coffea eugenioides	1	1
129695	TIGR00607	50990	Rickenella mellea	1	1
129695	TIGR00607	51337	Jaculus jaculus	1	1
129695	TIGR00607	51338	Castor canadensis	1	1
129695	TIGR00607	52022	Meiothermus silvanus	1	1
129695	TIGR00607	52586	Erysiphe necator	1	1
129695	TIGR00607	52904	Scophthalmus maximus	1	1
129695	TIGR00607	54673	Botryotinia convoluta	1	1
129695	TIGR00607	55544	Platysternon megacephalum	1	1
129695	TIGR00607	56216	Neotoma lepida	1	1
129695	TIGR00607	56406	Hanseniaspora guilliermondii	1	1
129695	TIGR00607	59557	Tuber aestivum	1	1
129695	TIGR00607	59729	Taeniopygia guttata	1	1
129695	TIGR00607	59894	Ficedula albicollis	1	1
129695	TIGR00607	60169	Penicillium polonicum	1	1
129695	TIGR00607	60172	Penicillium solitum	1	1
129695	TIGR00607	60175	Penicillium nalgiovense	1	1
129695	TIGR00607	61424	Furculomyces boomerangus	1	1
129695	TIGR00607	62690	Blumeria graminis f. sp. tritici	1	1
129695	TIGR00607	64176	Podarcis muralis	1	1
129695	TIGR00607	64793	Wasmannia auropunctata	1	1
129695	TIGR00607	67767	Lasius niger	1	1
129695	TIGR00607	68775	Crucibulum laeve	1	1
129695	TIGR00607	69319	Microplitis demolitor	1	1
129695	TIGR00607	69771	Penicillium decumbens	1	1
129695	TIGR00607	70779	Acropora digitifera	1	1
129695	TIGR00607	71717	Coprinellus micaceus	1	1
129695	TIGR00607	71784	Naematelia encephala	1	1
129695	TIGR00607	72032	Thielaviopsis punctulata	1	1
129695	TIGR00607	72359	Trachipleistophora hominis	1	1
129695	TIGR00607	72559	Sporisorium reilianum f. sp. reilianum	1	1
129695	TIGR00607	73230	Emmonsia crescens	1	1
129695	TIGR00607	73501	Cordyceps militaris	1	1
129695	TIGR00607	74557	Thraustotheca clavata	1	1
129695	TIGR00607	76194	Papilio polytes	1	1
129695	TIGR00607	77044	Rosellinia necatrix	1	1
129695	TIGR00607	78410	Neonectria ditissima	1	1
129695	TIGR00607	78915	Thamnocephalis sphaerospora	1	1
129695	TIGR00607	83262	Mycobacteroides immunogenum	1	1
129695	TIGR00607	83291	Streptomyces armeniacus	1	1
129695	TIGR00607	83485	Linepithema humile	1	1
129695	TIGR00607	86049	Cladophialophora carrionii	1	1
129695	TIGR00607	86630	Rhizopus azygosporus	1	1
129695	TIGR00607	87229	Botrytis porri	1	1
129695	TIGR00607	87230	Botrytis tulipae	1	1
129695	TIGR00607	88015	Eurytemora affinis	1	1
129695	TIGR00607	88771	Ceratocystis platani	1	1
129695	TIGR00607	89673	Phyllostomus discolor	1	1
129695	TIGR00607	90730	Desulfosarcina cetonica	1	1
129695	TIGR00607	91411	Polistes canadensis	1	1
129695	TIGR00607	91492	Aspergillus udagawae	1	1
129695	TIGR00607	91626	Mucor ambiguus	1	1
129695	TIGR00607	92696	Steccherinum ochraceum	1	1
129695	TIGR00607	93625	Psilocybe cyanescens	1	1
129695	TIGR00607	94130	Rhizophagus clarus	1	1
129695	TIGR00607	94208	Tolypocladium paradoxum	1	1
129695	TIGR00607	99883	Tetraodon nigroviridis	1	1
129695	TIGR00607	100816	Madurella mycetomatis	1	1
129695	TIGR00607	101091	Choanephora cucurbitarum	1	1
129695	TIGR00607	101127	Hesseltinella vesiculosa	1	1
129695	TIGR00607	103600	Sousa chinensis	1	1
129695	TIGR00607	103944	Protobothrops mucrosquamatus	1	1
129695	TIGR00607	104452	Operophtera brumata	1	1
129695	TIGR00607	105023	Nothobranchius furzeri	1	1
129695	TIGR00607	105351	Aspergillus awamori	1	1
129695	TIGR00607	105487	Valsa mali	1	1
129695	TIGR00607	105696	Epicoccum nigrum	1	1
129695	TIGR00607	106004	Leucosporidium creatinivorum	1	1
129695	TIGR00607	108892	Sanghuangporus baumii	1	1
129695	TIGR00607	108931	Nilaparvata lugens	1	1
129695	TIGR00607	113226	Pseudocercospora musae	1	1
129695	TIGR00607	114329	Neopelma chrysocephalum	1	1
129695	TIGR00607	114742	Pythium insidiosum	1	1
129695	TIGR00607	114818	Xylaria longipes	1	1
129695	TIGR00607	118797	Lipotes vexillifer	1	1
129695	TIGR00607	120017	Ustilago hordei	1	1
129695	TIGR00607	123683	Oryzias javanicus	1	1
129695	TIGR00607	125878	Nanorana parkeri	1	1
129695	TIGR00607	131363	Fusarium ambrosium	1	1
129695	TIGR00607	132113	Bombus impatiens	1	1
129695	TIGR00607	133190	Sphingomonas sp. SRS2	1	1
129695	TIGR00607	133377	Smittium angustum	1	1
129695	TIGR00607	133381	Smittium megazygosporum	1	1
129695	TIGR00607	133383	Smittium mucronatum	1	1
129695	TIGR00607	133385	Smittium simulii	1	1
129695	TIGR00607	133901	Frankliniella occidentalis	1	1
129695	TIGR00607	136370	Umbilicaria pustulata	1	1
129695	TIGR00607	139420	Polyporus brumalis	1	1
129695	TIGR00607	143630	Paroedura picta	1	1
129695	TIGR00607	144034	Pogonomyrmex barbatus	1	1
129695	TIGR00607	144197	Stegastes partitus	1	1
129695	TIGR00607	146866	Pseudoloma neurophilia	1	1
129695	TIGR00607	146911	Gekko japonicus	1	1
129695	TIGR00607	148818	Hamiltosporidium magnivora	1	1
129695	TIGR00607	150374	Escovopsis weberi	1	1
129695	TIGR00607	154538	Trametes pubescens	1	1
129695	TIGR00607	155417	Monosporascus ibericus	1	1
129695	TIGR00607	156304	Ceratina calcarata	1	1
129695	TIGR00607	158046	Phaeomoniella chlamydospora	1	1
129695	TIGR00607	158607	Diaporthe helianthi	1	1
129695	TIGR00607	164115	Streptomyces niveiscabiei	1	1
129695	TIGR00607	164674	Empidonax traillii	1	1
129695	TIGR00607	166423	Melipona quadrifasciata	1	1
129695	TIGR00607	167371	Phellinidium pouzarii	1	1
129695	TIGR00607	167740	Alternaria gaisen	1	1
129695	TIGR00607	168631	Chilo suppressalis	1	1
129695	TIGR00607	176275	Beauveria bassiana	1	1
129695	TIGR00607	177199	Coniochaeta pulveracea	1	1
129695	TIGR00607	179993	Fusarium langsethiae	1	1
129695	TIGR00607	180088	Rhizopogon vesiculosus	1	1
129695	TIGR00607	181119	Pseudopodoces humilis	1	1
129695	TIGR00607	181527	Pluteus cervinus	1	1
129695	TIGR00607	181874	Panaeolus cyanescens	1	1
129695	TIGR00607	183589	Pseudo-nitzschia multistriata	1	1
129695	TIGR00607	188477	Elysia chlorotica	1	1
129695	TIGR00607	191816	Lynx pardinus	1	1
129695	TIGR00607	192010	Fusarium mangiferae	1	1
129695	TIGR00607	192259	Genlisea aurea	1	1
129695	TIGR00607	196109	Microdochium bolleyi	1	1
129695	TIGR00607	198730	Talaromyces verruculosus	1	1
129695	TIGR00607	198806	Calidris pugnax	1	1
129695	TIGR00607	205917	Dentipellis fragilis	1	1
129695	TIGR00607	211096	Hanseniaspora opuntiae	1	1
129695	TIGR00607	212602	Oidium neolycopersici	1	1
129695	TIGR00607	215637	Dimargaris cristalligena	1	1
129695	TIGR00607	217165	Caligus rogercresseyi	1	1
129695	TIGR00607	221103	Moniliophthora roreri	1	1
129695	TIGR00607	222816	Orussus abietinus	1	1
129695	TIGR00607	225359	Erysiphe pulchra	1	1
129695	TIGR00607	229535	Penicillium nordicum	1	1
129695	TIGR00607	230819	Coprinopsis marcescibilis	1	1
129695	TIGR00607	231916	Gymnopilus dilepis	1	1
129695	TIGR00607	240159	Collichthys lucidus	1	1
129695	TIGR00607	252740	Valsa sordida	1	1
129695	TIGR00607	254877	Penicillium flavigenum	1	1
129695	TIGR00607	256035	Glycomyces arizonensis	1	1
129695	TIGR00607	259920	Rhincodon typus	1	1
129695	TIGR00607	266265	Paraburkholderia xenovorans LB400	1	1
129695	TIGR00607	268474	Trichinella papuae	1	1
129695	TIGR00607	268505	Ophiocordyceps unilateralis	1	1
129695	TIGR00607	269621	Microbotryum intermedium	1	1
129695	TIGR00607	278856	Danaus plexippus plexippus	1	1
129695	TIGR00607	278938	Botrytis elliptica	1	1
129695	TIGR00607	278940	Botrytis galanthina	1	1
129695	TIGR00607	278943	Botrytis hyacinthi	1	1
129695	TIGR00607	278944	Botryotinia narcissicola	1	1
129695	TIGR00607	278948	Botrytis paeoniae	1	1
129695	TIGR00607	280036	Sporisorium graminicola	1	1
129695	TIGR00607	283909	Capitella teleta	1	1
129695	TIGR00607	284042	Streptomyces violaceorubidus	1	1
129695	TIGR00607	287889	Trichoplax sp. H2	1	1
129695	TIGR00607	290055	Faecalicatena fissicatena	1	1
129695	TIGR00607	291195	Tubulinosema ratisbonensis	1	1
129695	TIGR00607	293939	Aspergillus lentulus	1	1
129695	TIGR00607	294128	Hyalella azteca	1	1
129695	TIGR00607	296797	Chlorociboria aeruginascens	1	1
129695	TIGR00607	303518	Pundamilia nyererei	1	1
129695	TIGR00607	303698	Penicillium steckii	1	1
129695	TIGR00607	307124	Meiothermus timidus	1	1
129695	TIGR00607	307758	Ustilago bromivora	1	1
129695	TIGR00607	307972	Apostichopus japonicus	1	1
129695	TIGR00607	308745	Aspergillus rambellii	1	1
129695	TIGR00607	309888	Deinococcus pimensis	1	1
129695	TIGR00607	310915	Pangasianodon hypophthalmus	1	1
129695	TIGR00607	318829	Pyricularia oryzae	1	1
129695	TIGR00607	321146	Pseudocercospora eumusae	1	1
129695	TIGR00607	326594	Ceratosolen solmsi marchali	1	1
129695	TIGR00607	329046	Rhizoclosmatium globosum	1	1
129695	TIGR00607	329884	Friedmanniomyces simplex	1	1
129695	TIGR00607	333673	Hirundo rustica rustica	1	1
129695	TIGR00607	335913	Acartia pacifica	1	1
129695	TIGR00607	341454	Ascodesmis nigricans	1	1
129695	TIGR00607	345573	Podiceps cristatus	1	1
129695	TIGR00607	348901	Cercospora zeina	1	1
129695	TIGR00607	356882	Valsa malicola	1	1
129695	TIGR00607	357750	Cercospora berteroae	1	1
129695	TIGR00607	363999	Xylaria grammica	1	1
129695	TIGR00607	372326	Patagioenas fasciata monilis	1	1
129695	TIGR00607	380704	Aspergillus niger ATCC 1015	1	1
129695	TIGR00607	382638	Helicobacter acinonychis str. Sheeba	1	1
129695	TIGR00607	388810	Blyttiomyces helicus	1	1
129695	TIGR00607	392613	Ascosphaera apis ARSEF 7405	1	1
129695	TIGR00607	396776	Coccidioides immitis H538.4	1	1
129695	TIGR00607	401625	Ceraceosorus bombacis	1	1
129695	TIGR00607	403063	Pyricularia sp. CBS 133598	1	1
129695	TIGR00607	403673	Batrachochytrium dendrobatidis JEL423	1	1
129695	TIGR00607	404692	Coccidioides immitis RMSCC 2394	1	1
129695	TIGR00607	415028	Corapipo altera	1	1
129695	TIGR00607	416450	Penicillium antarcticum	1	1
129695	TIGR00607	418867	Phellinus noxius	1	1
129695	TIGR00607	420778	Diplodia seriata	1	1
129695	TIGR00607	425011	Aspergillus niger CBS 513.88	1	1
129695	TIGR00607	425264	Malassezia restricta CBS 7877	1	1
129695	TIGR00607	429701	Handroanthus impetiginosus	1	1
129695	TIGR00607	431553	Spirosoma luteum	1	1
129695	TIGR00607	431554	Spirosoma spitsbergense	1	1
129695	TIGR00607	436010	Fibularhizoctonia sp. CBS 109695	1	1
129695	TIGR00607	441921	Neodiprion lecontei	1	1
129695	TIGR00607	443226	Coccidioides posadasii str. Silveira	1	1
129695	TIGR00607	447093	Histoplasma capsulatum G186AR	1	1
129695	TIGR00607	448386	Gracilariopsis chorda	1	1
129695	TIGR00607	451374	Rudanella lutea	1	1
129695	TIGR00607	451804	Aspergillus fumigatus A1163	1	1
129695	TIGR00607	454130	Aspergillus calidoustus	1	1
129695	TIGR00607	454286	Coccidioides immitis RMSCC 3703	1	1
129695	TIGR00607	456999	Rhizoctonia solani	1	1
129695	TIGR00607	478820	Blastocystis sp. ATCC 50177/Nand II	1	1
129695	TIGR00607	482145	Aspergillus taichungensis	1	1
129695	TIGR00607	482561	Paracoccidioides brasiliensis Pb03	1	1
129695	TIGR00607	490622	Trichoderma arundinaceum	1	1
129695	TIGR00607	496058	Spirosoma panaciterrae	1	1
129695	TIGR00607	503106	Marssonina coronariae	1	1
129695	TIGR00607	504472	Spirosoma linguale DSM 74	1	1
129695	TIGR00607	516756	Eufriesea mexicana	1	1
129695	TIGR00607	519963	Elaphomyces granulatus	1	1
129695	TIGR00607	523103	Trichophyton mentagrophytes	1	1
129695	TIGR00607	526227	Meiothermus silvanus DSM 9946	1	1
129695	TIGR00607	526982	Bacillus cereus Rock1-15	1	1
129695	TIGR00607	543379	Trichomalopsis sarcophagae	1	1
129695	TIGR00607	544711	Histoplasma capsulatum H88	1	1
129695	TIGR00607	544712	Histoplasma capsulatum H143	1	1
129695	TIGR00607	546991	Blumeria graminis f. sp. hordei DH14	1	1
129695	TIGR00607	554373	Moniliophthora perniciosa FA553	1	1
129695	TIGR00607	559297	Blastomyces dermatitidis ER-3	1	1
129695	TIGR00607	559882	Trichophyton equinum CBS 127.97	1	1
129695	TIGR00607	564064	Spirosoma rigui	1	1
129695	TIGR00607	565419	Coleophoma crateriformis	1	1
129695	TIGR00607	568076	Metarhizium robertsii	1	1
129695	TIGR00607	573508	Aspergillus cristatus	1	1
129695	TIGR00607	574774	Glonium stellatum	1	1
129695	TIGR00607	578460	Nosema ceranae BRL01	1	1
129695	TIGR00607	602072	Aspergillus carbonarius ITEM 5010	1	1
129695	TIGR00607	604332	Meiothermus rufus	1	1
129695	TIGR00607	611791	Phytophthora palmivora var. palmivora	1	1
129695	TIGR00607	630390	Puccinia triticina 1-1 BBBD Race 1	1	1
129695	TIGR00607	635003	Fragilariopsis cylindrus CCMP1102	1	1
129695	TIGR00607	644358	Magnaporthiopsis poae ATCC 64411	1	1
129695	TIGR00607	646526	Enterocytozoon hepatopenaei	1	1
129695	TIGR00607	647933	Trichophyton tonsurans CBS 112818	1	1
129695	TIGR00607	649802	Pipra filicauda	1	1
129695	TIGR00607	656916	Aspergillus arachidicola	1	1
129695	TIGR00607	658196	Glomus cerebriforme	1	1
129695	TIGR00607	658429	Pseudogymnoascus destructans 20631-21	1	1
129695	TIGR00607	658858	Giardia lamblia P15	1	1
129695	TIGR00607	664439	Paxillus involutus ATCC 200175	1	1
129695	TIGR00607	665467	Bauldia litoralis	1	1
129695	TIGR00607	675120	Dothistroma septosporum NZE10	1	1
129695	TIGR00607	675824	Lipomyces starkeyi NRRL Y-11557	1	1
129695	TIGR00607	683840	Microbotryum lychnidis-dioicae p1A1 Lamole	1	1
129695	TIGR00607	685588	Galerina marginata CBS 339.88	1	1
129695	TIGR00607	686832	Hebeloma cylindrosporum h7	1	1
129695	TIGR00607	694270	Fusarium longipes	1	1
129695	TIGR00607	694573	Valsa mali var. pyri	1	1
129695	TIGR00607	703135	Amanita thiersii Skay4041	1	1
129695	TIGR00607	703756	Colletotrichum simmondsii	1	1
129695	TIGR00607	706561	Hortaea thailandica	1	1
129695	TIGR00607	708187	Colletotrichum chlorophyti	1	1
129695	TIGR00607	708197	Colletotrichum tofieldiae	1	1
129695	TIGR00607	709797	Bradyrhizobiaceae bacterium SG-6C	1	1
129695	TIGR00607	717982	Auricularia subglabra TFB-10046 SS5	1	1
129695	TIGR00607	723564	uncultured gamma proteobacterium HF0010_26J14	1	1
129695	TIGR00607	741276	Rhodotorula taiwanensis	1	1
129695	TIGR00607	742152	Wolfiporia cocos MD-104 SS10	1	1
129695	TIGR00607	743375	Polistes dominula	1	1
129695	TIGR00607	743641	uncultured organism MedDCM-OCT-S08-C700	1	1
129695	TIGR00607	743788	Fomitopsis pinicola FP-58527 SS1	1	1
129695	TIGR00607	745531	Phlebiopsis gigantea 11061_1 CR5-6	1	1
129695	TIGR00607	747725	Mucor circinelloides f. lusitanicus CBS 277.49	1	1
129695	TIGR00607	763665	Coemansia reversa NRRL 1564	1	1
129695	TIGR00607	764098	Saccharomyces cerevisiae Lalvin QA23	1	1
129695	TIGR00607	764100	Saccharomyces cerevisiae VL3	1	1
129695	TIGR00607	764101	Saccharomyces cerevisiae FostersO	1	1
129695	TIGR00607	765257	Pisolithus microcarpus 441	1	1
129695	TIGR00607	765867	Pyrenochaeta sp. DS3sAY3a	1	1
129695	TIGR00607	765868	Stagonospora sp. SRC1lsM3a	1	1
129695	TIGR00607	765915	Catenaria anguillulae PL171	1	1
129695	TIGR00607	766949	Hanseniaspora valbyensis NRRL Y-1626	1	1
129695	TIGR00607	767744	Tortispora caseinolytica NRRL Y-17796	1	1
129695	TIGR00607	767769	Aspergillus brasiliensis CBS 101740	1	1
129695	TIGR00607	767770	Aspergillus tubingensis CBS 134.48	1	1
129695	TIGR00607	794803	Cenococcum geophilum 1.58	1	1
129695	TIGR00607	796604	Microbotryum silenes-dioicae	1	1
129695	TIGR00607	857340	Acremonium chrysogenum ATCC 11550	1	1
129695	TIGR00607	858221	Trichoderma parareesei	1	1
129695	TIGR00607	861557	Pyrenophora teres f. teres 0-1	1	1
129695	TIGR00607	863370	Meiothermus granaticius	1	1
129695	TIGR00607	870435	Pisolithus tinctorius Marx 270	1	1
129695	TIGR00607	889517	Saccharomyces cerevisiae CEN.PK113-7D	1	1
129695	TIGR00607	890382	Albugo laibachii Nc14	1	1
129695	TIGR00607	909455	Fusarium sp. FOSC 3-a	1	1
129695	TIGR00607	911162	Ophiocordyceps sinensis CO18	1	1
129695	TIGR00607	913774	Oidiodendron maius Zn	1	1
129695	TIGR00607	914234	Gelatoporia subvermispora B	1	1
129695	TIGR00607	914237	Rhynchosporium commune	1	1
129695	TIGR00607	914238	Rhynchosporium agropyri	1	1
129695	TIGR00607	930990	Botryobasidium botryosum FD-172 SS1	1	1
129695	TIGR00607	930991	Paxillus rubicundulus Ve08.2h10	1	1
129695	TIGR00607	930992	Suillus luteus UH-Slu-Lm8-n1	1	1
129695	TIGR00607	933084	Jaapia argillacea MUCL 33604	1	1
129695	TIGR00607	933388	Penicillium oxalicum 114-2	1	1
129695	TIGR00607	933852	Serendipita vermifera MAFF 305830	1	1
129695	TIGR00607	936435	Serpula lacrymans var. lacrymans S7.3	1	1
129695	TIGR00607	944018	Nematocida sp. 1 ERTm2	1	1
129695	TIGR00607	944288	Plicaturopsis crispa FD-325 SS-3	1	1
129695	TIGR00607	944289	Gymnopus luxurians FD-317 M1	1	1
129695	TIGR00607	945553	Hypholoma sublateritium FD-334 SS-4	1	1
129695	TIGR00607	946122	Amanita muscaria Koide BX008	1	1
129695	TIGR00607	983506	Rhizoctonia solani AG-1 IA	1	1
129695	TIGR00607	983965	Trichoderma longibrachiatum ATCC 18648	1	1
129695	TIGR00607	994086	Hydnomerulius pinastri MD-312	1	1
129695	TIGR00607	999809	Sporisorium reilianum SRZ2	1	1
129695	TIGR00607	1001832	Daldinia sp. EC12	1	1
129695	TIGR00607	1001833	Hypoxylon sp. CI-4A	1	1
129695	TIGR00607	1001937	Hypoxylon sp. EC38	1	1
129695	TIGR00607	1001938	Hypoxylon sp. CO27-5	1	1
129695	TIGR00607	1003232	Edhazardia aedis USNM 41457	1	1
129695	TIGR00607	1035309	Ceratocystis fimbriata CBS 114723	1	1
129695	TIGR00607	1036611	Aspergillus versicolor CBS 583.65	1	1
129695	TIGR00607	1036612	Aspergillus sydowii CBS 593.65	1	1
129695	TIGR00607	1036808	Scleroderma citrinum Foug A	1	1
129695	TIGR00607	1037528	Nosema apis BRL 01	1	1
129695	TIGR00607	1043002	Aureobasidium pullulans EXF-150	1	1
129695	TIGR00607	1043003	Aureobasidium melanogenum CBS 110374	1	1
129695	TIGR00607	1043628	Drechslerella stenobrocha 248	1	1
129695	TIGR00607	1047168	Zymoseptoria brevis	1	1
129695	TIGR00607	1048516	EBPR podovirus 2	1	1
129695	TIGR00607	1051890	Terfezia boudieri ATCC MYA-4762	1	1
129695	TIGR00607	1051891	Tulasnella calospora MUT 4182	1	1
129695	TIGR00607	1052685	Obba rivulosa	1	1
129695	TIGR00607	1052797	Pochonia chlamydosporia 123	1	1
129695	TIGR00607	1069443	Mortierella verticillata NRRL 6337	1	1
129695	TIGR00607	1073089	Aspergillus wentii DTO 134E9	1	1
129695	TIGR00607	1076256	Armillaria solidipes	1	1
129695	TIGR00607	1076935	Pyronema omphalodes CBS 100304	1	1
129695	TIGR00607	1077348	Ganoderma sinense ZZ0214-1	1	1
129695	TIGR00607	1081102	Sporothrix insectorum RCEF 264	1	1
129695	TIGR00607	1081103	Metarhizium album ARSEF 1941	1	1
129695	TIGR00607	1081105	Metarhizium rileyi RCEF 4871	1	1
129695	TIGR00607	1081107	Beauveria brongniartii RCEF 3172	1	1
129695	TIGR00607	1081108	Cordyceps confragosa RCEF 1005	1	1
129695	TIGR00607	1081109	Moelleriella libera RCEF 2490	1	1
129695	TIGR00607	1081671	Enterospora canceri	1	1
129695	TIGR00607	1081914	Monosporascus sp. mg162	1	1
129695	TIGR00607	1089449	Fusarium oxysporum f. sp. vasinfectum 25433	1	1
129695	TIGR00607	1094988	Candida albicans GC75	1	1
129695	TIGR00607	1094989	Candida albicans P78048	1	1
129695	TIGR00607	1094991	Candida albicans P34048	1	1
129695	TIGR00607	1094992	Candida albicans P37037	1	1
129695	TIGR00607	1094995	Candida albicans P75016	1	1
129695	TIGR00607	1094996	Candida albicans P57055	1	1
129695	TIGR00607	1095000	Candida albicans P78042	1	1
129695	TIGR00607	1095465	Bondarzewia mesenterica	1	1
129695	TIGR00607	1095629	Laccaria amethystina LaAM-08-1	1	1
129695	TIGR00607	1097556	Taphrina deformans PYCC 5710	1	1
129695	TIGR00607	1104152	Glarea lozoyensis 74030	1	1
129695	TIGR00607	1105325	Cordyceps confragosa	1	1
129695	TIGR00607	1109443	Serendipita indica DSM 11827	1	1
129695	TIGR00607	1111077	Claviceps purpurea 20.1	1	1
129695	TIGR00607	1112272	Hyphomicrobium sp. 802	1	1
129695	TIGR00607	1124627	Brettanomyces bruxellensis AWRI1499	1	1
129695	TIGR00607	1126212	Macrophomina phaseolina MS6	1	1
129695	TIGR00607	1128425	Fistulina hepatica ATCC 64428	1	1
129695	TIGR00607	1137138	Pleurotus ostreatus PC15	1	1
129695	TIGR00607	1137211	Aspergillus luchuensis CBS 106.47	1	1
129695	TIGR00607	1138374	Nematocida sp. 1 ERTm6	1	1
129695	TIGR00607	1141098	Pseudomassariella vexata	1	1
129695	TIGR00607	1149755	Hyaloscypha variabilis F	1	1
129695	TIGR00607	1151754	Moesziomyces antarcticus T-34	1	1
129695	TIGR00607	1158144	Thioalkalivibrio sp. ALJ1	1	1
129695	TIGR00607	1160509	Ascobolus immersus RN42	1	1
129695	TIGR00607	1163406	Tolypocladium ophioglossoides CBS 100239	1	1
129695	TIGR00607	1165861	Puccinia striiformis f. sp. tritici PST-78	1	1
129695	TIGR00607	1169160	Streptomyces sp. CNS335	1	1
129695	TIGR00607	1170229	Penicillium digitatum PHI26	1	1
129695	TIGR00607	1173061	Geotrichum candidum	1	1
129695	TIGR00607	1173701	Colletotrichum sublineola	1	1
129695	TIGR00607	1177187	Saccharomyces cerevisiae P283	1	1
129695	TIGR00607	1196081	Talaromyces amestolkiae	1	1
129695	TIGR00607	1198029	Neolecta irregularis DAH-3	1	1
129695	TIGR00607	1202772	Achlya hypogyna	1	1
129695	TIGR00607	1209931	Colletotrichum salicis	1	1
129695	TIGR00607	1211326	Spirosoma aerolatum	1	1
129695	TIGR00607	1213189	Zancudomyces culisetae	1	1
129695	TIGR00607	1213857	Colletotrichum orbiculare MAFF 240422	1	1
129695	TIGR00607	1213859	Colletotrichum fructicola Nara gc5	1	1
129695	TIGR00607	1214573	Diaporthe ampelina	1	1
129695	TIGR00607	1215336	Trichophyton interdigitale H6	1	1
129695	TIGR00607	1215338	Trichophyton interdigitale MR816	1	1
129695	TIGR00607	1220162	Trichosporon asahii var. asahii CBS 8904	1	1
129695	TIGR00607	1220188	Aspergillus tanneri	1	1
129695	TIGR00607	1220926	Mucor circinelloides f. circinelloides 1006PhL	1	1
129695	TIGR00607	1227346	Fusarium proliferatum ET1	1	1
129695	TIGR00607	1230068	Cryptococcus neoformans var. grubii c45	1	1
129695	TIGR00607	1230070	Cryptococcus neoformans var. grubii Bt120	1	1
129695	TIGR00607	1230076	Cryptococcus neoformans var. grubii Bt85	1	1
129695	TIGR00607	1230097	Cytospora leucostoma	1	1
129695	TIGR00607	1230383	Malassezia sympodialis ATCC 42132	1	1
129695	TIGR00607	1230840	Orycteropus afer afer	1	1
129695	TIGR00607	1231657	Clohesyomyces aquaticus	1	1
129695	TIGR00607	1237896	Colletotrichum gloeosporioides Cg-14	1	1
129695	TIGR00607	1240240	Anncaliia algerae PRA109	1	1
129695	TIGR00607	1245528	Candida maltosa Xu316	1	1
129695	TIGR00607	1246581	Paramicrosporidium saccamoebae	1	1
129695	TIGR00607	1246674	Emmonsia parva UAMH 139	1	1
129695	TIGR00607	1247875	Emmonsia crescens UAMH 3008	1	1
129695	TIGR00607	1262450	Ophiostoma piceae UAMH 11346	1	1
129695	TIGR00607	1268274	Blumeria graminis f. sp. tritici 96224	1	1
129695	TIGR00607	1276135	Metarhizium anisopliae ARSEF 549	1	1
129695	TIGR00607	1276529	Zymoseptoria tritici ST99CH_1A5	1	1
129695	TIGR00607	1276538	Zymoseptoria tritici ST99CH_3D7	1	1
129695	TIGR00607	1280523	Stachybotrys chartarum IBT 7711	1	1
129695	TIGR00607	1283841	Stachybotrys chlorohalonata IBT 40285	1	1
129695	TIGR00607	1284197	Dactylellina haptotyla CBS 200.50	1	1
129695	TIGR00607	1287680	Neofusicoccum parvum UCRNP2	1	1
129695	TIGR00607	1287681	Eutypa lata UCREL1	1	1
129695	TIGR00607	1288291	Anncaliia algerae PRA339	1	1
129695	TIGR00607	1294309	Saccharomyces cerevisiae YJM271	1	1
129695	TIGR00607	1294321	Saccharomyces cerevisiae YJM689	1	1
129695	TIGR00607	1294346	Saccharomyces cerevisiae YJM1311	1	1
129695	TIGR00607	1294348	Saccharomyces cerevisiae YJM1332	1	1
129695	TIGR00607	1294352	Saccharomyces cerevisiae YJM1342	1	1
129695	TIGR00607	1294360	Saccharomyces cerevisiae YJM1388	1	1
129695	TIGR00607	1294362	Saccharomyces cerevisiae YJM1399	1	1
129695	TIGR00607	1294364	Saccharomyces cerevisiae YJM1401	1	1
129695	TIGR00607	1294365	Saccharomyces cerevisiae YJM1402	1	1
129695	TIGR00607	1294376	Saccharomyces cerevisiae YJM1450	1	1
129695	TIGR00607	1294380	Saccharomyces cerevisiae YJM1478	1	1
129695	TIGR00607	1295531	Cryptococcus depauperatus CBS 7841	1	1
129695	TIGR00607	1295532	Cryptococcus depauperatus CBS 7855	1	1
129695	TIGR00607	1296102	Cryptococcus gattii E566	1	1
129695	TIGR00607	1296105	Cryptococcus gattii VGIV IND107	1	1
129695	TIGR00607	1296109	Cryptococcus gattii CA1280	1	1
129695	TIGR00607	1296111	Cryptococcus gattii CA1873	1	1
129695	TIGR00607	1296112	Cryptococcus gattii Ru294	1	1
129695	TIGR00607	1296117	Cryptococcus gattii VGII MMRL2647	1	1
129695	TIGR00607	1296118	Cryptococcus amylolentus CBS 6273	1	1
129695	TIGR00607	1296123	Kwoniella mangroviensis CBS 8886	1	1
129695	TIGR00607	1302712	Pyrenophora seminiperda CCB06	1	1
129695	TIGR00607	1305733	Rhodotorula sp. JG-1b	1	1
129695	TIGR00607	1305837	Streptomyces sp. CNS606	1	1
129695	TIGR00607	1306850	Termitomyces sp. J132	1	1
129695	TIGR00607	1306861	Colletotrichum tanaceti	1	1
129695	TIGR00607	1314670	Lepidopterella palustris CBS 459.81	1	1
129695	TIGR00607	1314672	Peniophora sp. CONT	1	1
129695	TIGR00607	1314674	Cylindrobasidium torrendii FP15055 ss-10	1	1
129695	TIGR00607	1314771	Mortierella elongata AG-77	1	1
129695	TIGR00607	1314776	Sistotremastrum suecicum HHB10207 ss-3	1	1
129695	TIGR00607	1314777	Sistotremastrum niveocremeum HHB9708	1	1
129695	TIGR00607	1314778	Polyporus arcularius HHB13444	1	1
129695	TIGR00607	1314782	Neolentinus lepideus HHB14362 ss-1	1	1
129695	TIGR00607	1314783	Daedalea quercina L-15889	1	1
129695	TIGR00607	1314785	Laetiporus sulphureus 93-53	1	1
129695	TIGR00607	1314800	Rhizopogon vinicolor AM-OR11-026	1	1
129695	TIGR00607	1314807	Dendrothele bispora CBS 962.96	1	1
129695	TIGR00607	1316194	Penicillium subrubescens	1	1
129695	TIGR00607	1317063	Phytophthora parasitica CJ01A1	1	1
129695	TIGR00607	1325733	Fusarium sp. AF-3	1	1
129695	TIGR00607	1325735	Fusarium sp. AF-4	1	1
129695	TIGR00607	1325737	Fusarium sp. AF-6	1	1
129695	TIGR00607	1328758	Lentinus tigrinus ALCF2SS1-7	1	1
129695	TIGR00607	1328759	Lentinus tigrinus ALCF2SS1-6	1	1
129695	TIGR00607	1329640	Alkalispirochaeta odontotermitis	1	1
129695	TIGR00607	1330018	Calocera viscosa TUFC12733	1	1
129695	TIGR00607	1330021	Ophiocordyceps polyrhachis-furcata BCC 54312	1	1
129695	TIGR00607	1334442	Cryptococcus gattii VGII 2001/935-1	1	1
129695	TIGR00607	1336337	Choiromyces venosus 120613-1	1	1
129695	TIGR00607	1344416	Gonapodya prolifera JEL478	1	1
129695	TIGR00607	1347389	Colletotrichum sidae	1	1
129695	TIGR00607	1347390	Colletotrichum spinosum	1	1
129695	TIGR00607	1353007	Aspergillus phoenicis ATCC 13157	1	1
129695	TIGR00607	1353008	Aspergillus niger ATCC 13496	1	1
129695	TIGR00607	1353009	Trametes coccinea BRFM310	1	1
129695	TIGR00607	1353952	Calocera cornea HHB12733	1	1
129695	TIGR00607	1355374	Arcobacter lanthieri	1	1
129695	TIGR00607	1356009	Byssochlamys spectabilis No. 5	1	1
129695	TIGR00607	1357716	Batrachochytrium salamandrivorans	1	1
129695	TIGR00607	1358809	Spraguea lophii 42_110	1	1
129695	TIGR00607	1365484	Penicillium roqueforti FM164	1	1
129695	TIGR00607	1380367	Sulfitobacter sp. 20_GPM-1509m	1	1
129695	TIGR00607	1381753	Moniliophthora roreri MCA 2997	1	1
129695	TIGR00607	1388766	Aspergillus ruber CBS 135680	1	1
129695	TIGR00607	1389454	Candidatus Actinomarina minuta	1	1
129695	TIGR00607	1391699	Pseudogymnoascus sp. VKM F-3808	1	1
129695	TIGR00607	1391700	Moesziomyces aphidis DSM 70725	1	1
129695	TIGR00607	1391915	Sporothrix schenckii ATCC 58251	1	1
129695	TIGR00607	1392247	Morchella conica CCBAS932	1	1
129695	TIGR00607	1394984	Giardia intestinalis assemblage B	1	1
129695	TIGR00607	1398154	Sporothrix brasiliensis 5110	1	1
129695	TIGR00607	1398559	Melanopsichium pennsylvanicum 4	1	1
129695	TIGR00607	1400796	Thermus phage phiFa	1	1
129695	TIGR00607	1408157	Coniochaeta ligniaria NRRL 30616	1	1
129695	TIGR00607	1408545	Meiothermus terrae	1	1
129695	TIGR00607	1420902	Pseudogymnoascus sp. VKM F-4246	1	1
129695	TIGR00607	1420906	Pseudogymnoascus sp. VKM F-4281 (FW-2241)	1	1
129695	TIGR00607	1420907	Pseudogymnoascus sp. VKM F-4513 (FW-928)	1	1
129695	TIGR00607	1420909	Pseudogymnoascus sp. VKM F-4515 (FW-2607)	1	1
129695	TIGR00607	1420910	Pseudogymnoascus sp. VKM F-4516 (FW-969)	1	1
129695	TIGR00607	1420911	Pseudogymnoascus sp. VKM F-4517 (FW-2822)	1	1
129695	TIGR00607	1420912	Pseudogymnoascus sp. VKM F-103	1	1
129695	TIGR00607	1420913	Pseudogymnoascus sp. VKM F-4518 (FW-2643)	1	1
129695	TIGR00607	1420915	Pseudogymnoascus sp. VKM F-4520 (FW-2644)	1	1
129695	TIGR00607	1432307	Sclerotinia borealis F-4128	1	1
129695	TIGR00607	1437362	Aspergillus fumigatus Z5	1	1
129695	TIGR00607	1437433	Pseudogymnoascus sp. VKM F-3557	1	1
129695	TIGR00607	1443435	Aneurinibacillus tyrosinisolvens	1	1
129695	TIGR00607	1445577	Colletotrichum fioriniae PJ7	1	1
129695	TIGR00607	1447256	Arcobacter butzleri L348	1	1
129695	TIGR00607	1447872	Emergomyces pasteurianus Ep9510	1	1
129695	TIGR00607	1447875	Helicocarpus griseus UAMH5409	1	1
129695	TIGR00607	1447883	Polytolypa hystricis UAMH7299	1	1
129695	TIGR00607	1448318	Aspergillus sclerotiicarbonarius CBS 121057	1	1
129695	TIGR00607	1448319	Aspergillus fijiensis CBS 313.89	1	1
129695	TIGR00607	1448320	Aspergillus ellipticus CBS 707.79	1	1
129695	TIGR00607	1450541	Aspergillus indologenus CBS 114.80	1	1
129695	TIGR00607	1460289	Chrysochromulina sp. CCMP291	1	1
129695	TIGR00607	1472165	Talaromyces cellulolyticus	1	1
129695	TIGR00607	1476192	Aspergillus fumigatus var. RP-2014	1	1
129695	TIGR00607	1485229	Cadophora sp. DSE1049	1	1
129695	TIGR00607	1488357	Streptomyces sp. MBT28	1	1
129695	TIGR00607	1491466	Trichoderma guizhouense	1	1
129695	TIGR00607	1503470	cyanobacterium TDX16	1	1
129695	TIGR00607	1519464	Candidatus Thermochlorobacteriaceae bacterium GBChlB	1	1
129695	TIGR00607	1519565	Fistulifera solaris	1	1
129695	TIGR00607	1524831	Pseudogymnoascus sp. 23342-1-I1	1	1
129695	TIGR00607	1531966	Torrubiella hemipterigena	1	1
129695	TIGR00607	1539063	Sulfurovum sp. PC08-66	1	1
129695	TIGR00607	1540922	Wallemia hederae	1	1
129695	TIGR00607	1578925	Pyricularia pennisetigena	1	1
129695	TIGR00607	1603295	fungal sp. No.11243	1	1
129695	TIGR00607	1622147	Pseudogymnoascus sp. WSF 3629	1	1
129695	TIGR00607	1622148	Pseudogymnoascus sp. 03VT05	1	1
129695	TIGR00607	1622149	Pseudogymnoascus sp. 05NY08	1	1
129695	TIGR00607	1622150	Pseudogymnoascus sp. 24MN13	1	1
129695	TIGR00607	1655601	cyanobacterium BACL30 MAG-120619-bin27	1	1
129695	TIGR00607	1658172	Emmonsia sp. CAC-2015a	1	1
129695	TIGR00607	1658174	Blastomyces percursus	1	1
129695	TIGR00607	1673888	Violaceomyces palustris	1	1
129695	TIGR00607	1714833	Leucoagaricus sp. SymC.cos	1	1
129695	TIGR00607	1745343	Pezoloma ericae	1	1
129695	TIGR00607	1755098	Brachybacterium massiliense	1	1
129695	TIGR00607	1755127	Fusarium sp. FIESC_12	1	1
129695	TIGR00607	1755312	Candidatus Dichloromethanomonas elyunquensis	1	1
129695	TIGR00607	1758121	Limosa lapponica baueri	1	1
129695	TIGR00607	1772323	Arthrobacter phage Wilde	1	1
129695	TIGR00607	1803374	Rhizophagus sp. MUCL 43196	1	1
129695	TIGR00607	1803431	Acidobacteria bacterium 13_1_20CM_3_53_8	1	1
129695	TIGR00607	1805063	Chloroflexi bacterium 13_1_20CM_50_12	1	1
129695	TIGR00607	1805481	Nematocida sp. ERTm5	1	1
129695	TIGR00607	1805483	Nematocida displodere	1	1
129695	TIGR00607	1813822	fungal sp. No.14919	1	1
129695	TIGR00607	1817864	Candidatus Fraserbacteria bacterium RBG_16_55_9	1	1
129695	TIGR00607	1849047	Coleophoma cylindrospora	1	1
129695	TIGR00607	1858805	Dacryopinax primogenitus	1	1
129695	TIGR00607	1866961	Amphiamblys sp. WSBS2006	1	1
129695	TIGR00607	1869212	Chitinophagaceae bacterium	1	1
129695	TIGR00607	1871086	Brevundimonas sp.	1	1
129695	TIGR00607	1872629	Arcobacter sp.	1	1
domgi	accession	taxid	taxOrg	nPig	nGi
129695	TIGR00607	1882483	Testicularia cyperi	1	1
129695	TIGR00607	1884249	Spirosoma lacussanchae	1	1
129695	TIGR00607	1884261	Pterula gracilis	1	1
129695	TIGR00607	1890683	Saitozyma podzolica	1	1
129695	TIGR00607	1895814	Rhizobiales bacterium 64-17	1	1
129695	TIGR00607	1895854	Spirosoma sp. 48-14	1	1
129695	TIGR00607	1895928	Chloroflexi bacterium 54-19	1	1
129695	TIGR00607	1907219	Piptocephalis cylindrospora	1	1
129695	TIGR00607	1909294	Rhizobiales bacterium	1	1
129695	TIGR00607	1910958	Synechococcus lacustris str. Tous	1	1
129695	TIGR00607	1930763	Thermus caldifontis	1	1
129695	TIGR00607	1938954	Bifiguratus adelaidae	1	1
129695	TIGR00607	1960876	Phialosimplex sp. HF37	1	1
129695	TIGR00607	1965284	Rhodotorula sp. CCFEE 5036	1	1
129695	TIGR00607	1973984	Desulfobacterales bacterium CG23_combo_of_CG06-09_8_20_14_all_52_9	1	1
129695	TIGR00607	1974486	Candidatus Atribacteria bacterium CG_4_10_14_3_um_filter_34_13	1	1
129695	TIGR00607	1983410	Elsinoe sp. CQ-2017a	1	1
129695	TIGR00607	1986608	Muricauda sp. TMED12	1	1
129695	TIGR00607	2004951	Cordyceps sp. RAO-2017	1	1
129695	TIGR00607	2004952	Ophiocordyceps camponoti-rufipedis	1	1
129695	TIGR00607	2005443	Phialophora cf. hyalina BP 5553	1	1
129695	TIGR00607	2010991	Fusarium kuroshium	1	1
129695	TIGR00607	2013724	Chloroflexi bacterium HGW-Chloroflexi-10	1	1
129695	TIGR00607	2013728	Chloroflexi bacterium HGW-Chloroflexi-5	1	1
129695	TIGR00607	2013730	Chloroflexi bacterium HGW-Chloroflexi-7	1	1
129695	TIGR00607	2013732	Chloroflexi bacterium HGW-Chloroflexi-9	1	1
129695	TIGR00607	2013854	Candidatus Wallbacteria bacterium HGW-Wallbacteria-1	1	1
129695	TIGR00607	2014784	Neisseriaceae bacterium	1	1
129695	TIGR00607	2020962	Malassezia vespertilionis	1	1
129695	TIGR00607	2023137	Aurantiochytrium sp. FCC1311	1	1
129695	TIGR00607	2025606	Synechococcus sp. 8F6	1	1
129695	TIGR00607	2025994	Coniella lustricola	1	1
129695	TIGR00607	2026739	Euryarchaeota archaeon	1	1
129695	TIGR00607	2026809	Epsilonproteobacteria bacterium	1	1
129695	TIGR00607	2026889	Cyanobium sp. Baikal-G2	1	1
129695	TIGR00607	2028339	Spathaspora sp. JA1	1	1
129695	TIGR00607	2035402	bacterium HR07	1	1
129695	TIGR00607	2039874	Ophiocordyceps sp. 'camponoti-saundersi'	1	1
129695	TIGR00607	2039875	Ophiocordyceps sp. 'camponoti-leonardi'	1	1
129695	TIGR00607	2053541	Cytophagales bacterium	1	1
129695	TIGR00607	2060905	Blastomyces parvus	1	1
129695	TIGR00607	2070412	Rutstroemia sp. NJR-2017a WRK4	1	1
129695	TIGR00607	2070413	Rutstroemia sp. NJR-2017a BVV2	1	1
129695	TIGR00607	2070414	Rutstroemia sp. NJR-2017a BBW	1	1
129695	TIGR00607	2070753	Aspergillus sclerotialis	1	1
129695	TIGR00607	2073127	Serendipita vermifera 'subsp. bescii'	1	1
129695	TIGR00607	2078013	Microvirga sp. CCBAU 65841	1	1
129695	TIGR00607	2093373	Candidatus Microgenomates bacterium	1	1
129695	TIGR00607	2109339	Fusarium sp. FIESC_28	1	1
129695	TIGR00607	2211642	Monosporascus sp. 5C6A	1	1
129695	TIGR00607	2211643	Monosporascus sp. CRB-9-2	1	1
129695	TIGR00607	2211644	Monosporascus sp. CRB-8-3	1	1
129695	TIGR00607	2211645	Monosporascus sp. MG133	1	1
129695	TIGR00607	2211647	Monosporascus sp. GIB2	1	1
129695	TIGR00607	2249417	Chaetothyriales sp. CBS 134920	1	1
129695	TIGR00607	2249418	Chaetothyriales sp. CBS 134916	1	1
129695	TIGR00607	2249419	Chaetothyriales sp. CBS 132003	1	1
129695	TIGR00607	2249420	Chaetothyriales sp. CBS 135597	1	1
129695	TIGR00607	2320140	Arcobacter sp. PSE-93	1	1
129695	TIGR00607	2447956	Antrodiella citrinella	1	1