274263	TIGR02710	2026735	Deltaproteobacteria bacterium	21	21
274263	TIGR02710	2026799	Verrucomicrobia bacterium	16	21
274263	TIGR02710	37636	Thermus scotoductus	9	25
274263	TIGR02710	2026724	Chloroflexi bacterium	9	10
274263	TIGR02710	2250277	Thermoprotei archaeon	9	10
274263	TIGR02710	2026780	Planctomycetes bacterium	9	9
274263	TIGR02710	372787	Fischerella thermalis	8	38
274263	TIGR02710	1913989	Gammaproteobacteria bacterium	8	8
274263	TIGR02710	1978231	Acidobacteria bacterium	8	8
274263	TIGR02710	2173	Methanobrevibacter smithii	7	9
274263	TIGR02710	2026887	Nitrospirae bacterium	6	6
274263	TIGR02710	246787	Bacteroides cellulosilyticus	5	10
274263	TIGR02710	357808	Roseiflexus sp. RS-1	5	7
274263	TIGR02710	101571	Burkholderia ubonensis	4	33
274263	TIGR02710	553239	Vibrio breoganii	4	15
274263	TIGR02710	271	Thermus aquaticus	4	10
274263	TIGR02710	277	Meiothermus ruber	4	10
274263	TIGR02710	34078	Scytonema hofmannii	4	8
274263	TIGR02710	230361	Methanobrevibacter millerae	4	8
274263	TIGR02710	120962	Roseiflexus castenholzii	4	7
274263	TIGR02710	274	Thermus thermophilus	4	6
274263	TIGR02710	56957	Thermus oshimai	4	6
274263	TIGR02710	28034	Sulfobacillus thermosulfidooxidans	4	4
274263	TIGR02710	2026739	Euryarchaeota archaeon	4	4
274263	TIGR02710	2304002	Methylococcales bacterium	4	4
274263	TIGR02710	1396	Bacillus cereus	3	13
274263	TIGR02710	1515	Hungateiclostridium thermocellum	3	11
274263	TIGR02710	300852	Thermus thermophilus HB8	3	9
274263	TIGR02710	44577	Nitrosomonas ureae	3	8
274263	TIGR02710	795830	Candidatus Brocadia sinica	3	8
274263	TIGR02710	29549	Rhodothermus marinus	3	7
274263	TIGR02710	44260	Moorella	3	7
274263	TIGR02710	294671	Methanobrevibacter olleyae	3	7
274263	TIGR02710	418	Methylomonas sp.	3	6
274263	TIGR02710	726	Haemophilus haemolyticus	3	6
274263	TIGR02710	916	Nitrosomonas eutropha	3	6
274263	TIGR02710	1577051	Thermus sp. 2.9	3	6
274263	TIGR02710	1707952	Chloroflexus islandicus	3	6
274263	TIGR02710	53437	Nocardiopsis alba	3	4
274263	TIGR02710	54914	Brevibacillus parabrevis	3	4
274263	TIGR02710	184064	Thermodesulfobium narugense	3	4
274263	TIGR02710	482827	Thermus arciformis	3	4
274263	TIGR02710	1715989	Candidatus Nitrospira inopinata	3	4
274263	TIGR02710	1930071	Methylomusa anaerophila	3	4
274263	TIGR02710	186479	Kouleothrix aurantiaca	3	3
274263	TIGR02710	301148	Caldibacillus debilis	3	3
274263	TIGR02710	1174528	Fischerella sp. PCC 9339	3	3
274263	TIGR02710	1872076	Candidatus Scalindua rubra	3	3
274263	TIGR02710	1898104	Bacteroidetes bacterium	3	3
274263	TIGR02710	1970782	Candidatus Omnitrophica bacterium 4484_70.1	3	3
274263	TIGR02710	2026781	Candidatus Poribacteria bacterium	3	3
274263	TIGR02710	2056316	ANME-1 cluster archaeon	3	3
274263	TIGR02710	2080303	Candidatus Dadabacteria bacterium	3	3
274263	TIGR02710	2250255	Methanosarcinales archaeon	3	3
274263	TIGR02710	521	Bordetella avium	2	21
274263	TIGR02710	65551	Meiothermus	2	9
274263	TIGR02710	324602	Chloroflexus aurantiacus J-10-fl	2	8
274263	TIGR02710	1803498	Actinobacteria bacterium CG2_30_50_142	2	8
274263	TIGR02710	29363	Clostridium paraputrificum	2	6
274263	TIGR02710	49928	unclassified Bacteria (miscellaneous)	2	6
274263	TIGR02710	873128	Meiothermus sp. Pnk-1	2	6
274263	TIGR02710	276	Thermus filiformis	2	4
274263	TIGR02710	1096	Chlorobium phaeobacteroides	2	4
274263	TIGR02710	1124	Chlorogloeopsis fritschii	2	4
274263	TIGR02710	1517	Thermoanaerobacterium thermosaccharolyticum	2	4
274263	TIGR02710	52022	Meiothermus silvanus	2	4
274263	TIGR02710	66851	Methanobrevibacter oralis	2	4
274263	TIGR02710	83816	Methanobrevibacter ruminantium	2	4
274263	TIGR02710	133539	Nitrosococcus halophilus	2	4
274263	TIGR02710	167964	Anaerolinea thermophila	2	4
274263	TIGR02710	252514	Microbulbifer thermotolerans	2	4
274263	TIGR02710	288966	Lutispora thermophila	2	4
274263	TIGR02710	332249	Truepera radiovictrix	2	4
274263	TIGR02710	444093	Ammonifex thiophilus	2	4
274263	TIGR02710	543815	Aphanothece minutissima	2	4
274263	TIGR02710	884155	Meiothermus hypogaeus	2	4
274263	TIGR02710	927669	Pseudanabaena biceps	2	4
274263	TIGR02710	1049584	Rhodococcus enclensis	2	4
274263	TIGR02710	1246981	Tolypothrix bouteillei	2	4
274263	TIGR02710	1635259	Thermotoga sp. 50_64	2	4
274263	TIGR02710	1644118	Meiothermus roseus	2	4
274263	TIGR02710	2012635	Armatimonadetes bacterium JP3_11	2	4
274263	TIGR02710	2024553	Candidatus Viridilinea mediisalina	2	4
274263	TIGR02710	2058095	Meiothermus sp. QL-1	2	4
274263	TIGR02710	29350	Thermoanaerobacter thermocopriae	2	3
274263	TIGR02710	32052	Synechococcus sp. WH 8020	2	3
274263	TIGR02710	42838	Ammonifex degensii	2	3
274263	TIGR02710	56956	Thermus brockianus	2	3
274263	TIGR02710	68170	Lechevalieria aerocolonigenes	2	3
274263	TIGR02710	86166	Thermodesulfovibrio aggregans	2	3
274263	TIGR02710	92938	Fischerella muscicola	2	3
274263	TIGR02710	118322	Lyngbya aestuarii	2	3
274263	TIGR02710	152260	Chloroflexus aggregans	2	3
274263	TIGR02710	186192	Marinithermus hydrothermalis	2	3
274263	TIGR02710	189691	Paenibacillus elgii	2	3
274263	TIGR02710	200379	Lentzea flaviverrucosa	2	3
274263	TIGR02710	288965	Hungateiclostridium clariflavum	2	3
274263	TIGR02710	387957	Methanobrevibacter sp. 87.7	2	3
274263	TIGR02710	531939	Lechevalieria deserti	2	3
274263	TIGR02710	863370	Meiothermus granaticius	2	3
274263	TIGR02710	872965	Ardenticatena maritima	2	3
274263	TIGR02710	1189325	Oceanicella actignis	2	3
274263	TIGR02710	2116544	Synechococcus lacustris	2	3
274263	TIGR02710	573	Klebsiella pneumoniae	2	2
274263	TIGR02710	1516	Thermoanaerobacter thermohydrosulfuricus	2	2
274263	TIGR02710	1526	[Clostridium] aminophilum	2	2
274263	TIGR02710	2072	Saccharothrix australiensis	2	2
274263	TIGR02710	29159	Crassostrea gigas	2	2
274263	TIGR02710	40545	Sutterella wadsworthensis	2	2
274263	TIGR02710	49319	Rubrobacter xylanophilus	2	2
274263	TIGR02710	65552	Meiothermus cerbereus	2	2
274263	TIGR02710	73780	Methylocaldum szegediense	2	2
274263	TIGR02710	77133	uncultured bacterium	2	2
274263	TIGR02710	79885	Bacillus pseudofirmus	2	2
274263	TIGR02710	84724	Lentzea waywayandensis	2	2
274263	TIGR02710	88189	Thermus igniterrae	2	2
274263	TIGR02710	134959	Actinomadura mexicana	2	2
274263	TIGR02710	136992	Methylosarcina lacus	2	2
274263	TIGR02710	145261	Methanothermobacter wolfeii	2	2
274263	TIGR02710	229919	Anaerolinea thermolimosa	2	2
274263	TIGR02710	244365	Methylohalobius crimeensis	2	2
274263	TIGR02710	307124	Meiothermus timidus	2	2
274263	TIGR02710	402600	Lechevalieria xinjiangensis	2	2
274263	TIGR02710	406124	Bacillus sp. m3-13	2	2
274263	TIGR02710	457406	Micromonospora sp. M42	2	2
274263	TIGR02710	471827	Candidatus Desulforudis audaxviator	2	2
274263	TIGR02710	477974	Candidatus Desulforudis audaxviator MP104C	2	2
274263	TIGR02710	540988	Thermus islandicus	2	2
274263	TIGR02710	560556	Asanoa hainanensis	2	2
274263	TIGR02710	1173024	Fischerella sp. PCC 9605	2	2
274263	TIGR02710	1325564	Nitrospira japonica	2	2
274263	TIGR02710	1330700	Thermus caliditerrae	2	2
274263	TIGR02710	1333523	Salinarchaeum sp. Harcht-Bsk1	2	2
274263	TIGR02710	1432792	Methylocaldum marinum	2	2
274263	TIGR02710	1434837	Nocardiopsis sp. JB363	2	2
274263	TIGR02710	1605376	Clostridiales bacterium PH28_bin88	2	2
274263	TIGR02710	1635291	Atribacteria bacterium 34_128	2	2
274263	TIGR02710	1761900	Rhizobium sp. 9140	2	2
274263	TIGR02710	1761908	Thermus sp. L198	2	2
274263	TIGR02710	1797838	Deltaproteobacteria bacterium RBG_16_47_11	2	2
274263	TIGR02710	1801714	Nitrospirae bacterium RIFCSPHIGHO2_02_FULL_42_12	2	2
274263	TIGR02710	1801722	Nitrospirae bacterium RIFCSPLOW2_12_42_9	2	2
274263	TIGR02710	1803579	Rhodococcus sp. YH3-3	2	2
274263	TIGR02710	1805273	Nitrospirae bacterium 13_2_20CM_2_63_8	2	2
274263	TIGR02710	1906666	Thermoplasmata archaeon	2	2
274263	TIGR02710	1926599	Carboxydocella sp. ULO1	2	2
274263	TIGR02710	1940691	Desulfobacca sp. 4484_104	2	2
274263	TIGR02710	1968525	Candidatus Cloacimonas sp. 4484_209	2	2
274263	TIGR02710	1970781	candidate division Zixibacteria bacterium 4484_95	2	2
274263	TIGR02710	1974421	Candidatus Micrarchaeota archaeon CG11_big_fil_rev_8_21_14_0_20_47_5	2	2
274263	TIGR02710	1977087	Proteobacteria bacterium	2	2
274263	TIGR02710	2004994	Nitrospira sp. UW-LDO-02	2	2
274263	TIGR02710	2012504	Candidatus Aenigmarchaeota archaeon ex4484_52	2	2
274263	TIGR02710	2026714	Candidatus Bathyarchaeota archaeon	2	2
274263	TIGR02710	2026760	Candidatus Marinimicrobia bacterium	2	2
274263	TIGR02710	2026770	Nitrospiraceae bacterium	2	2
274263	TIGR02710	2035417	bacterium HR22	2	2
274263	TIGR02710	2035423	bacterium HR28	2	2
274263	TIGR02710	2035431	bacterium HR36	2	2
274263	TIGR02710	2035772	Candidatus Omnitrophica bacterium	2	2
274263	TIGR02710	2049433	Desulfobacteraceae bacterium	2	2
274263	TIGR02710	2051955	Methylobacter sp.	2	2
274263	TIGR02710	2052179	Peptococcaceae bacterium	2	2
274263	TIGR02710	2053527	candidate division Zixibacteria bacterium	2	2
274263	TIGR02710	2053570	Candidatus Latescibacteria bacterium	2	2
274263	TIGR02710	2109628	Hapalosiphonaceae cyanobacterium JJU2	2	2
274263	TIGR02710	2202153	Thermodesulfobacteria bacterium	2	2
274263	TIGR02710	31899	Caldicellulosiruptor bescii	1	24
274263	TIGR02710	2287	Saccharolobus solfataricus	1	16
274263	TIGR02710	77022	Cylindrospermopsis raciborskii	1	13
274263	TIGR02710	51203	Methanohalophilus euhalobius	1	8
274263	TIGR02710	1798419	Ignavibacteria bacterium GWA2_36_19	1	7
274263	TIGR02710	1973894	Actinobacteria bacterium CG08_land_8_20_14_0_20_50_39	1	6
274263	TIGR02710	29423	Legionella oakridgensis	1	4
274263	TIGR02710	33059	Acidithiobacillus caldus	1	4
274263	TIGR02710	48736	Ralstonia	1	4
274263	TIGR02710	1618826	Parcubacteria group bacterium GW2011_GWA2_43_13	1	4
274263	TIGR02710	1715806	Methanosarcina flavescens	1	4
274263	TIGR02710	1802506	Candidatus Woesebacteria bacterium RIFCSPHIGHO2_02_FULL_42_20	1	4
274263	TIGR02710	1805004	Anaerolineae bacterium CG2_30_58_95	1	4
274263	TIGR02710	1805277	Nitrospirae bacterium CG2_30_41_42	1	4
274263	TIGR02710	2017975	Candidatus Frackibacter	1	4
274263	TIGR02710	317	Pseudomonas syringae	1	3
274263	TIGR02710	566	Pseudescherichia vulneris	1	3
274263	TIGR02710	816	Bacteroides	1	3
274263	TIGR02710	1126	Microcystis aeruginosa	1	3
274263	TIGR02710	1190	Fischerella	1	3
274263	TIGR02710	1513	Clostridium tetani	1	3
274263	TIGR02710	1529	Clostridium cadaveris	1	3
274263	TIGR02710	1877	Micromonospora echinospora	1	3
274263	TIGR02710	34062	Moraxella osloensis	1	3
274263	TIGR02710	42256	Rubrobacter radiotolerans	1	3
274263	TIGR02710	51366	Salinivibrio	1	3
274263	TIGR02710	53419	Treponema socranskii	1	3
274263	TIGR02710	60847	Halogeometricum borinquense	1	3
274263	TIGR02710	161879	Corynebacterium kroppenstedtii	1	3
274263	TIGR02710	289376	Thermodesulfovibrio yellowstonii DSM 11347	1	3
274263	TIGR02710	412895	Desulfotomaculum hydrothermale	1	3
274263	TIGR02710	589437	Prevotella scopos	1	3
274263	TIGR02710	1477437	Parapedobacter indicus	1	3
274263	TIGR02710	1677857	Hungateiclostridium saccincola	1	3
274263	TIGR02710	1703332	Lachnospiraceae bacterium TF01-11	1	3
274263	TIGR02710	1797385	Bdellovibrionales bacterium GWB1_52_6	1	3
274263	TIGR02710	1805129	Desulfobacterales bacterium CG2_30_60_27	1	3
274263	TIGR02710	1805378	Syntrophaceae bacterium CG2_30_58_14	1	3
274263	TIGR02710	1970575	Sphingobacteriia bacterium 35-36-14	1	3
274263	TIGR02710	2026184	Meiothermus luteus	1	3
274263	TIGR02710	2491046	Desulfovibrio sp. OH1209_COT-279	1	3
274263	TIGR02710	2491675	Methanohalophilus sp. WG1-DM	1	3
274263	TIGR02710	500	Thermomicrobium roseum	1	2
274263	TIGR02710	654	Aeromonas veronii	1	2
274263	TIGR02710	727	Haemophilus influenzae	1	2
274263	TIGR02710	729	Haemophilus parainfluenzae	1	2
274263	TIGR02710	838	Prevotella	1	2
274263	TIGR02710	917	Nitrosomonas marina	1	2
274263	TIGR02710	1048	Marichromatium gracile	1	2
274263	TIGR02710	1223	Prochlorothrix hollandica	1	2
274263	TIGR02710	1422	Geobacillus stearothermophilus	1	2
274263	TIGR02710	1428	Bacillus thuringiensis	1	2
274263	TIGR02710	1565	Desulfotomaculum nigrificans	1	2
274263	TIGR02710	1992	Actinomadura echinospora	1	2
274263	TIGR02710	1993	Actinomadura madurae	1	2
274263	TIGR02710	2203	Methanospirillum hungatei	1	2
274263	TIGR02710	2210	Methanosarcina thermophila	1	2
274263	TIGR02710	2315	Methanoplanus limicola	1	2
274263	TIGR02710	2423	Fervidobacterium islandicum	1	2
274263	TIGR02710	4555	Setaria italica	1	2
274263	TIGR02710	6945	Ixodes scapularis	1	2
274263	TIGR02710	28116	Bacteroides ovatus	1	2
274263	TIGR02710	32056	Calothrix desertica	1	2
274263	TIGR02710	33943	Kyrpidia tusciae	1	2
274263	TIGR02710	34061	Moraxella cuniculi	1	2
274263	TIGR02710	34090	Pelodictyon phaeoclathratiforme	1	2
274263	TIGR02710	35806	Rhodovulum sulfidophilum	1	2
274263	TIGR02710	39841	Thermodesulforhabdus norvegica	1	2
274263	TIGR02710	41297	Sphingomonadaceae	1	2
274263	TIGR02710	42253	Nitrospira moscoviensis	1	2
274263	TIGR02710	43775	Syntrophus gentianae	1	2
274263	TIGR02710	47866	Micromonospora inyonensis	1	2
274263	TIGR02710	48467	Prosthecobacter debontii	1	2
274263	TIGR02710	49547	Methanobrevibacter curvatus	1	2
274263	TIGR02710	53366	Catellatospora citrea	1	2
274263	TIGR02710	54006	Peptoniphilus ivorii	1	2
274263	TIGR02710	54252	Pyrolobus fumarii	1	2
274263	TIGR02710	54294	Thermosyntropha lipolytica	1	2
274263	TIGR02710	55758	Methanobrevibacter filiformis	1	2
274263	TIGR02710	55779	Moorella glycerini	1	2
274263	TIGR02710	57487	Pseudothermotoga hypogea	1	2
274263	TIGR02710	58133	Nitrosospira sp. NpAV	1	2
274263	TIGR02710	58138	Desulfofarcimen acetoxidans	1	2
274263	TIGR02710	59610	Desulfotomaculum reducens	1	2
274263	TIGR02710	70996	Herpetosiphon geysericola	1	2
274263	TIGR02710	71188	Limnothrix rosea	1	2
274263	TIGR02710	82380	Microbacterium oxydans	1	2
274263	TIGR02710	82654	Pseudanabaena sp. PCC 7367	1	2
274263	TIGR02710	85874	Thermacetogenium phaeum	1	2
274263	TIGR02710	91928	Exophiala spinifera	1	2
274263	TIGR02710	92487	Thiothrix eikelboomii	1	2
274263	TIGR02710	96242	Nitrospira cf. moscoviensis SBR1015	1	2
274263	TIGR02710	97253	Eubacterium plexicaudatum	1	2
274263	TIGR02710	99594	Thermohalobacter berrensis	1	2
274263	TIGR02710	102129	Leptolyngbya sp. PCC 7375	1	2
274263	TIGR02710	108150	Thermoanaerobacter italicus	1	2
274263	TIGR02710	118323	Oscillatoria acuminata	1	2
274263	TIGR02710	118562	Arthrospira platensis	1	2
274263	TIGR02710	145262	Methanothermobacter thermautotrophicus	1	2
274263	TIGR02710	159292	Tindallia californiensis	1	2
274263	TIGR02710	160808	Acidithiobacillus ferrivorans	1	2
274263	TIGR02710	171695	Thermodesulfatator indicus	1	2
274263	TIGR02710	181663	Desulfococcus oleovorans	1	2
274263	TIGR02710	183556	Rhodococcus maanshanensis	1	2
274263	TIGR02710	190975	Methanobrevibacter thaueri	1	2
274263	TIGR02710	190976	Methanobrevibacter woesei	1	2
274263	TIGR02710	195522	Thermococcus nautili	1	2
274263	TIGR02710	196914	Actinoplanes friuliensis	1	2
274263	TIGR02710	200989	Alkalicoccus saliphilus	1	2
274263	TIGR02710	204089	Candidatus Chryseobacterium massiliae	1	2
274263	TIGR02710	210993	Fischerella major	1	2
274263	TIGR02710	230091	Micromonospora endolithica	1	2
274263	TIGR02710	236499	uncultured Acetothermia bacterium	1	2
274263	TIGR02710	240840	Actinomadura meyerae	1	2
274263	TIGR02710	247490	Candidatus Jettenia caeni	1	2
274263	TIGR02710	261685	Thermosinus carboxydivorans	1	2
274263	TIGR02710	268127	Leptolyngbya frigida	1	2
274263	TIGR02710	274537	Chlorobaculum limnaeum	1	2
274263	TIGR02710	274539	Chlorobaculum parvum	1	2
274263	TIGR02710	289078	Microbotryum saponariae	1	2
274263	TIGR02710	289435	Sphaerospermopsis kisseleviana	1	2
274263	TIGR02710	295419	Rubellimicrobium thermophilum	1	2
274263	TIGR02710	299146	Micromonospora narathiwatensis	1	2
274263	TIGR02710	316277	Syntrophus aciditrophicus	1	2
274263	TIGR02710	329854	Bacteroides intestinalis	1	2
274263	TIGR02710	330214	Nitrospira defluvii	1	2
274263	TIGR02710	332163	Candidatus Solibacter usitatus	1	2
274263	TIGR02710	333140	Roseivirga spongicola	1	2
274263	TIGR02710	355548	Halobacterium jilantaiense	1	2
274263	TIGR02710	365617	Paenibacillus sabinae	1	2
274263	TIGR02710	366584	Pseudonocardia oroxyli	1	2
274263	TIGR02710	373994	Rivularia sp. PCC 7116	1	2
274263	TIGR02710	397291	Lachnospiraceae bacterium A4	1	2
274263	TIGR02710	416273	Natronomonas moolapensis	1	2
274263	TIGR02710	421525	Chryseobacterium haifense	1	2
274263	TIGR02710	482825	Meiothermus cateniformans	1	2
274263	TIGR02710	488547	Jhaorihella thermophila	1	2
274263	TIGR02710	538379	Sphingobium quisquiliarum	1	2
274263	TIGR02710	571438	Desulfovibrio legallii	1	2
274263	TIGR02710	581036	Anoxybacillus vitaminiphilus	1	2
274263	TIGR02710	610332	Thiocapsa sp. KS1	1	2
274263	TIGR02710	626940	Phascolarctobacterium succinatutens	1	2
274263	TIGR02710	631362	Thiorhodovibrio sp. 970	1	2
274263	TIGR02710	633813	Rhodothermus profundi	1	2
274263	TIGR02710	668570	Methanospirillum lacunae	1	2
274263	TIGR02710	673860	Aciduliprofundum sp. MAR08-339	1	2
274263	TIGR02710	702114	Methylomonas koyamae	1	2
274263	TIGR02710	712531	Selenomonas sp. oral taxon 137	1	2
274263	TIGR02710	751944	Halobacterium sp. DL1	1	2
274263	TIGR02710	754476	Methylophaga nitratireducenticrescens	1	2
274263	TIGR02710	759272	Chaetomium thermophilum var. thermophilum DSM 1495	1	2
274263	TIGR02710	863643	Thermincola potens	1	2
274263	TIGR02710	869279	Thermanaerothrix daxensis	1	2
274263	TIGR02710	909626	Streptomyces sp. RV15	1	2
274263	TIGR02710	1027273	Endozoicomonas montiporae	1	2
274263	TIGR02710	1032527	Pedosphaera parvula	1	2
274263	TIGR02710	1033854	Thioalkalivibrio sulfidiphilus	1	2
274263	TIGR02710	1078480	Haemophilus sputorum	1	2
274263	TIGR02710	1080068	Leptolyngbya sp. O-77	1	2
274263	TIGR02710	1111069	Thermus sp. CCB_US3_UF1	1	2
274263	TIGR02710	1134406	Ornatilinea apprima	1	2
274263	TIGR02710	1136105	Tolypothrix campylonemoides	1	2
274263	TIGR02710	1137096	Calothrix sp. HK-06	1	2
274263	TIGR02710	1173027	Microcoleus sp. PCC 7113	1	2
274263	TIGR02710	1179155	Candidatus Photodesmus blepharus	1	2
274263	TIGR02710	1214604	Tumebacillus algifaecis	1	2
274263	TIGR02710	1224947	Pustulibacterium marinum	1	2
274263	TIGR02710	1233230	Scytonema tolypothrichoides	1	2
274263	TIGR02710	1245922	Scytonema millei	1	2
274263	TIGR02710	1246637	Desulfamplus magnetovallimortis	1	2
274263	TIGR02710	1261031	Nostoc sp. 'Peltigera membranacea cyanobiont' N6	1	2
274263	TIGR02710	1277351	Methanospirillum stamsii	1	2
274263	TIGR02710	1284222	Candiadtus Scalindua japonica	1	2
274263	TIGR02710	1331682	Brachybacterium ginsengisoli	1	2
274263	TIGR02710	1353886	Caballeronia cordobensis	1	2
274263	TIGR02710	1379698	candidate division Zixibacteria bacterium RBG-1	1	2
274263	TIGR02710	1383067	Desulfotomaculum profundi	1	2
274263	TIGR02710	1385935	Leptolyngbya sp. Heron Island J	1	2
274263	TIGR02710	1389005	Sulfitobacter sp. SK012	1	2
274263	TIGR02710	1392836	Lachnospiraceae bacterium TWA4	1	2
274263	TIGR02710	1434102	Methanosarcina sp. WH1	1	2
274263	TIGR02710	1434707	Taibaiella chishuiensis	1	2
274263	TIGR02710	1436998	Nitrospira lenta	1	2
274263	TIGR02710	1471761	Novibacillus thermophilus	1	2
274263	TIGR02710	1481894	Leucothrix sp. IMCC9719	1	2
274263	TIGR02710	1485585	Cecembia rubra	1	2
274263	TIGR02710	1509483	Flectobacillus sp. BAB-3569	1	2
274263	TIGR02710	1586287	Lentzea guizhouensis	1	2
274263	TIGR02710	1602170	Prevotella sp. P5-60	1	2
274263	TIGR02710	1621989	Candidatus Desulfofervidus auxilii	1	2
274263	TIGR02710	1629714	Peptococcaceae bacterium BRH_c23	1	2
274263	TIGR02710	1635171	Pokkaliibacter plantistimulans	1	2
274263	TIGR02710	1642702	Paludifilum halophilum	1	2
274263	TIGR02710	1658518	Nitrospira sp. ND1	1	2
274263	TIGR02710	1679444	Akkermansia glycaniphila	1	2
274263	TIGR02710	1742972	Candidatus Nitrospira nitrosa	1	2
274263	TIGR02710	1742973	Candidatus Nitrospira nitrificans	1	2
274263	TIGR02710	1743168	Polynucleobacter wuianus	1	2
274263	TIGR02710	1752063	Fischerella sp. NIES-3754	1	2
274263	TIGR02710	1765684	Acidibacillus sulfuroxidans	1	2
274263	TIGR02710	1777132	Caballeronia peredens	1	2
274263	TIGR02710	1780380	Eubacteriaceae bacterium CHKCI004	1	2
274263	TIGR02710	1789762	Methanosphaera sp. BMS	1	2
274263	TIGR02710	1797185	Acidobacteria bacterium RIFCSPLOWO2_02_FULL_68_18	1	2
274263	TIGR02710	1802501	Candidatus Woesebacteria bacterium RIFCSPHIGHO2_01_FULL_42_80	1	2
274263	TIGR02710	1805827	Rhodococcus sp. MTM3W5.2	1	2
274263	TIGR02710	1838280	Desulfotomaculum copahuensis	1	2
274263	TIGR02710	1844971	Curvibacter sp. AEP1-3	1	2
274263	TIGR02710	1894989	Thermodesulfitimonas autotrophica	1	2
274263	TIGR02710	1899563	Thiotrichales bacterium HS_08	1	2
274263	TIGR02710	1903704	Tumebacillus avium	1	2
274263	TIGR02710	1909484	Salinivibrio sp. PR5	1	2
274263	TIGR02710	1920169	Dyella sp. DHOA06	1	2
274263	TIGR02710	1922337	Leptolyngbya sp. 'hensonii'	1	2
274263	TIGR02710	1926600	Carboxydocella sp. JDF658	1	2
274263	TIGR02710	1938893	Nocardiopsis sp. L17-MgMaSL7	1	2
274263	TIGR02710	1940762	Nostocales cyanobacterium HT-58-2	1	2
274263	TIGR02710	1945634	Butyricicoccus porcorum	1	2
274263	TIGR02710	1965547	Lachnoclostridium sp. An118	1	2
274263	TIGR02710	1965618	Desulfovibrio sp. An276	1	2
274263	TIGR02710	1965630	Collinsella sp. An307	1	2
274263	TIGR02710	1965647	Drancourtella sp. An57	1	2
274263	TIGR02710	1974058	Nitrospirae bacterium CG_4_8_14_3_um_filter_70_85	1	2
274263	TIGR02710	1975560	Euryarchaeota archaeon CG01_land_8_20_14_3_00_38_12	1	2
274263	TIGR02710	1982223	Arthrospira sp. O9.13F	1	2
274263	TIGR02710	2005459	Tolypothrix sp. NIES-4075	1	2
274263	TIGR02710	2005462	Calothrix sp. NIES-3974	1	2
274263	TIGR02710	2017681	Prosthecochloris sp. V1	1	2
274263	TIGR02710	2021234	Ahniella affigens	1	2
274263	TIGR02710	2032565	Xanthomonadaceae bacterium NML93-0399	1	2
274263	TIGR02710	2035246	Plantactinospora sp. CNZ320	1	2
274263	TIGR02710	2039167	Sulfobacillus sp. hq2	1	2
274263	TIGR02710	2055160	Kyrpidia spormannii	1	2
274263	TIGR02710	2071626	Aquitalea sp. MWU14-2217	1	2
274263	TIGR02710	2136183	Acinetobacter sp. WCHAc060041	1	2
274263	TIGR02710	2171751	Pueribacillus theae	1	2
274263	TIGR02710	2211119	Bradymonadales bacterium B210	1	2
274263	TIGR02710	2211376	Candidatus Methylomirabilis lanthanidiphila	1	2
274263	TIGR02710	2250252	Candidatus Sumerlaea chitinovorans	1	2
274263	TIGR02710	2293571	Streptomyces sp. NEAU-D10	1	2
274263	TIGR02710	2485783	Methanohalophilus sp. RSK	1	2
274263	TIGR02710	2491047	Fretibacterium sp. OH1220_COT-178	1	2
274263	TIGR02710	2495421	Bacillus sp. HMF5848	1	2
274263	TIGR02710	2508878	Chlorobaculum sp. 24CR	1	2
274263	TIGR02710	56	Sorangium cellulosum	1	1
274263	TIGR02710	550	Enterobacter cloacae	1	1
274263	TIGR02710	863	Syntrophomonas wolfei	1	1
274263	TIGR02710	889	Desulfovibrio longus	1	1
274263	TIGR02710	1176	Aphanizomenon flos-aquae	1	1
274263	TIGR02710	1484	Hydrogenibacillus schlegelii	1	1
274263	TIGR02710	1485	Clostridium	1	1
274263	TIGR02710	2015	Nocardiopsis prasina	1	1
274263	TIGR02710	4639	Ensete ventricosum	1	1
274263	TIGR02710	27342	Schizopora paradoxa	1	1
274263	TIGR02710	28240	Thermotoga sp.	1	1
274263	TIGR02710	28896	Thermoanaerobacterium saccharolyticum	1	1
274263	TIGR02710	29317	Actinomyces sp.	1	1
274263	TIGR02710	32057	Calothrix sp. PCC 7103	1	1
274263	TIGR02710	34011	Niveispirillum irakense	1	1
274263	TIGR02710	35837	Desulfacinum infernum	1	1
274263	TIGR02710	39770	Methylobacter whittenburyi	1	1
274263	TIGR02710	40681	Sphingomonas asaccharolytica	1	1
274263	TIGR02710	41294	Bradyrhizobiaceae	1	1
274263	TIGR02710	42229	Prunus avium	1	1
274263	TIGR02710	43263	Pseudomonas alcaligenes	1	1
274263	TIGR02710	44754	Fervidobacterium gondwanense	1	1
274263	TIGR02710	50402	Charadrius vociferus	1	1
274263	TIGR02710	51367	Salinivibrio costicola	1	1
274263	TIGR02710	53423	Thermodesulfovibrio islandicus	1	1
274263	TIGR02710	53440	Nocardiopsis listeri	1	1
274263	TIGR02710	58331	Quercus suber	1	1
274263	TIGR02710	59620	uncultured Clostridium sp.	1	1
274263	TIGR02710	59841	Paenibacillus kobensis	1	1
274263	TIGR02710	68246	Streptomyces olivoreticuli	1	1
274263	TIGR02710	70125	Nitrospira sp.	1	1
274263	TIGR02710	71465	Cylicostephanus goldi	1	1
274263	TIGR02710	78527	Rhizobium undicola	1	1
274263	TIGR02710	80765	Aphis gossypii	1	1
274263	TIGR02710	95641	Methylomicrobium buryatense	1	1
274263	TIGR02710	102127	Geitlerinema sp. PCC 7105	1	1
274263	TIGR02710	104176	Oscillochloris trichoides	1	1
274263	TIGR02710	105972	Methylosarcina fibrata	1	1
274263	TIGR02710	106633	Thioalkalivibrio	1	1
274263	TIGR02710	111611	Geitlerinema sp. PCC 9228	1	1
274263	TIGR02710	129910	Arthrospira maxima	1	1
274263	TIGR02710	132132	Desulfomicrobium orale	1	1
274263	TIGR02710	164851	uncultured soil bacterium	1	1
274263	TIGR02710	186804	Peptostreptococcaceae	1	1
274263	TIGR02710	190721	Ralstonia insidiosa	1	1
274263	TIGR02710	190977	Methanobrevibacter wolinii	1	1
274263	TIGR02710	201089	uncultured Desulfobacterium sp.	1	1
274263	TIGR02710	203119	Hungateiclostridium thermocellum ATCC 27405	1	1
274263	TIGR02710	215803	Enhygromyxa salina	1	1
274263	TIGR02710	225762	Nocardiopsis alkaliphila	1	1
274263	TIGR02710	228600	Nocardia araoensis	1	1
274263	TIGR02710	230310	Curvibacter gracilis	1	1
274263	TIGR02710	231447	Desulfobulbus japonicus	1	1
274263	TIGR02710	232991	Calothrix desertica PCC 7102	1	1
274263	TIGR02710	243063	Thioalkalivibrio thiocyanodenitrificans	1	1
274263	TIGR02710	245562	Acidomyces richmondensis	1	1
274263	TIGR02710	253314	Hungateiclostridium straminisolvens	1	1
274263	TIGR02710	266117	Rubrobacter xylanophilus DSM 9941	1	1
274263	TIGR02710	268141	Phormidesmis priestleyi	1	1
274263	TIGR02710	334715	Salinivibrio proteolyticus	1	1
274263	TIGR02710	340099	Thermoanaerobacter pseudethanolicus ATCC 33223	1	1
274263	TIGR02710	348842	Desulfovirgula thermocuniculi	1	1
274263	TIGR02710	349307	Methanothrix thermoacetophila PT	1	1
274263	TIGR02710	358100	Microbacterium indicum	1	1
274263	TIGR02710	359112	Rhodothermus sp. XMH10	1	1
274263	TIGR02710	360910	Bordetella avium 197N	1	1
274263	TIGR02710	364039	Azohydromonas australica	1	1
274263	TIGR02710	370438	Pelotomaculum thermopropionicum SI	1	1
274263	TIGR02710	373054	Calditerricola satsumensis	1	1
274263	TIGR02710	377615	Thermobacillus composti	1	1
274263	TIGR02710	379900	Niabella aurantiaca	1	1
274263	TIGR02710	403191	Haloferax elongans	1	1
274263	TIGR02710	416001	Nodosilinea nodulosa	1	1
274263	TIGR02710	418008	Methanosarcina horonobensis	1	1
274263	TIGR02710	427920	Bacillus alkalinitrilicus	1	1
274263	TIGR02710	429009	Ammonifex degensii KC4	1	1
274263	TIGR02710	438855	Methylomarinum vadi	1	1
274263	TIGR02710	446043	uncultured Lachnospira sp.	1	1
274263	TIGR02710	482920	uncultured marine Nitrospinaceae bacterium	1	1
274263	TIGR02710	495550	Anabarilius grahami	1	1
274263	TIGR02710	501497	Thermodesulfatator atlanticus	1	1
274263	TIGR02710	504728	Meiothermus ruber DSM 1279	1	1
274263	TIGR02710	513049	Arthrospira maxima CS-328	1	1
274263	TIGR02710	555875	Halogeometricum limi	1	1
274263	TIGR02710	589554	Candidatus Thiosymbion oneisti	1	1
274263	TIGR02710	604332	Meiothermus rufus	1	1
274263	TIGR02710	645275	Murinocardiopsis flavida	1	1
274263	TIGR02710	660064	Methermicoccus shengliensis	1	1
274263	TIGR02710	667019	Curvibacter putative symbiont of Hydra magnipapillata	1	1
274263	TIGR02710	671224	Selenomonas artemidis	1	1
274263	TIGR02710	686832	Hebeloma cylindrosporum h7	1	1
274263	TIGR02710	717605	Thermobacillus composti KWC4	1	1
274263	TIGR02710	765420	Oscillochloris trichoides DG-6	1	1
274263	TIGR02710	867845	Chloroflexus sp. Y-396-1	1	1
274263	TIGR02710	869210	Marinithermus hydrothermalis DSM 14884	1	1
274263	TIGR02710	888061	Desulfomicrobium orale DSM 12838	1	1
274263	TIGR02710	911092	Caldanaerobacter subterraneus	1	1
274263	TIGR02710	983506	Rhizoctonia solani AG-1 IA	1	1
274263	TIGR02710	996925	Mastigocoleus testarum	1	1
274263	TIGR02710	1081102	Sporothrix insectorum RCEF 264	1	1
274263	TIGR02710	1111135	Coriobacteriaceae bacterium BV3Ac1	1	1
274263	TIGR02710	1121883	Fervidobacterium gondwanense DSM 13020	1	1
274263	TIGR02710	1123862	Klebsiella pneumoniae subsp. pneumoniae Kp13	1	1
274263	TIGR02710	1128421	bacterium JKG1	1	1
274263	TIGR02710	1128425	Fistulina hepatica ATCC 64428	1	1
274263	TIGR02710	1158168	Thioalkalivibrio sp. ALE14	1	1
274263	TIGR02710	1163670	Bacteroides sp. 14(A)	1	1
274263	TIGR02710	1173021	cyanobacterium PCC 7702	1	1
274263	TIGR02710	1173023	Fischerella sp. PCC 9431	1	1
274263	TIGR02710	1183438	Gloeobacter kilaueensis JS1	1	1
274263	TIGR02710	1185843	Desulfatitalea tepidiphila	1	1
274263	TIGR02710	1200557	Anaerovibrio sp. RM50	1	1
274263	TIGR02710	1214928	Thermus tengchongensis	1	1
274263	TIGR02710	1227551	Meiothermus granaticius NBRC 107808	1	1
274263	TIGR02710	1240557	Thioalkalivibrio sp. ALJ3	1	1
274263	TIGR02710	1262944	Roseburia sp. CAG:303	1	1
274263	TIGR02710	1263088	Methanobrevibacter smithii CAG:186	1	1
274263	TIGR02710	1263101	Phascolarctobacterium succinatutens CAG:287	1	1
274263	TIGR02710	1263111	Sutterella wadsworthensis CAG:135	1	1
274263	TIGR02710	1267211	Sediminibacterium sp. C3	1	1
274263	TIGR02710	1274403	Legionella oakridgensis RV-2-2007	1	1
274263	TIGR02710	1288971	[Clostridium] ultunense Esp	1	1
274263	TIGR02710	1293048	Halopiger goleimassiliensis	1	1
274263	TIGR02710	1338436	Sinomonas humi	1	1
274263	TIGR02710	1356359	Nostoc punctiforme NIES-2108	1	1
274263	TIGR02710	1382356	Thermorudis peleae	1	1
274263	TIGR02710	1385625	uncultured Thiohalocapsa sp. PB-PSB1	1	1
274263	TIGR02710	1388761	Caldanaerobacter subterraneus subsp. yonseiensis KB-1	1	1
274263	TIGR02710	1407650	Synechococcus sp. NKBG15041c	1	1
274263	TIGR02710	1411123	Rhizobiales bacterium YIM 77505	1	1
274263	TIGR02710	1412872	uncultured archaeon A07HB70	1	1
274263	TIGR02710	1416614	Gloeobacter kilaueensis	1	1
274263	TIGR02710	1420901	Pseudogymnoascus sp. VKM F-3775	1	1
274263	TIGR02710	1431688	Thiohalocapsa sp. ML1	1	1
274263	TIGR02710	1434110	Methanosarcina horonobensis HB-1 = JCM 15518	1	1
274263	TIGR02710	1434114	Methanosarcina mazei LYC	1	1
274263	TIGR02710	1449080	Thermus amyloliquefaciens	1	1
274263	TIGR02710	1455061	Candidatus Magnetobacterium casensis	1	1
274263	TIGR02710	1463825	Saccharothrix sp. NRRL B-16314	1	1
274263	TIGR02710	1473580	Defluviitalea phaphyphila	1	1
274263	TIGR02710	1499107	Smithella sp. SCADC	1	1
274263	TIGR02710	1499966	Candidatus Moduliflexus flocculans	1	1
274263	TIGR02710	1499967	Candidatus Vecturithrix granuli	1	1
274263	TIGR02710	1513271	Catenovulum maritimum	1	1
274263	TIGR02710	1519492	Nocardia sp. NRRL S-836	1	1
274263	TIGR02710	1521187	Chloroflexus sp. MS-G	1	1
274263	TIGR02710	1524831	Pseudogymnoascus sp. 23342-1-I1	1	1
274263	TIGR02710	1580529	Nocardiopsis sp. SBT366	1	1
274263	TIGR02710	1580530	Nonomuraea sp. SBT364	1	1
274263	TIGR02710	1617410	Nitrospira sp. OLB3	1	1
274263	TIGR02710	1635272	Synergistales bacterium 54_24	1	1
274263	TIGR02710	1635287	Methanosarcinales archeaon 56_1174	1	1
274263	TIGR02710	1660137	Rhodanobacter sp. SCN 65-17	1	1
274263	TIGR02710	1660252	Nitrospira sp. SCN 59-13	1	1
274263	TIGR02710	1661387	Micromonospora sp. RV43	1	1
274263	TIGR02710	1703408	Myxococcales bacterium SG8_38_1	1	1
274263	TIGR02710	1703766	Parcubacteria bacterium DG_74_2	1	1
274263	TIGR02710	1710355	Actinoplanes sp. TFC3	1	1
274263	TIGR02710	1768760	Bradyrhizobium sp. CCH10-C7	1	1
274263	TIGR02710	1776333	Hadesarchaea archaeon YNP_N21	1	1
274263	TIGR02710	1797499	Betaproteobacteria bacterium RIFCSPLOWO2_12_FULL_64_23	1	1
274263	TIGR02710	1797845	Deltaproteobacteria bacterium RBG_16_58_17	1	1
274263	TIGR02710	1797905	Deltaproteobacteria bacterium RIFOXYD12_FULL_56_24	1	1
274263	TIGR02710	1798570	Lentisphaerae bacterium GWF2_38_69	1	1
274263	TIGR02710	1798802	Methylothermaceae bacteria B42	1	1
274263	TIGR02710	1799664	Nitrospira sp. SCGC AG-212-E16	1	1
274263	TIGR02710	1801660	Candidatus Nealsonbacteria bacterium RBG_13_36_15	1	1
274263	TIGR02710	1801703	Nitrospirae bacterium RBG_13_39_12	1	1
274263	TIGR02710	1801715	Nitrospirae bacterium RIFCSPLOWO2_01_FULL_62_17	1	1
274263	TIGR02710	1801717	Nitrospirae bacterium RIFCSPLOWO2_02_FULL_62_14	1	1
274263	TIGR02710	1801718	Nitrospirae bacterium RIFCSPLOWO2_12_FULL_63_8	1	1
274263	TIGR02710	1801881	Candidatus Pacearchaeota archaeon RBG_13_36_9	1	1
274263	TIGR02710	1805051	Betaproteobacteria bacterium CG2_30_68_42	1	1
274263	TIGR02710	1805102	Dehalococcoidia bacterium CG2_30_46_19	1	1
274263	TIGR02710	1805247	Candidatus Micrarchaeota archaeon CG1_02_47_40	1	1
274263	TIGR02710	1805265	Nitrospirae bacterium 13_1_40CM_2_62_10	1	1
274263	TIGR02710	1805271	Nitrospirae bacterium 13_2_20CM_2_61_4	1	1
274263	TIGR02710	1805292	Oscillatoriales cyanobacterium CG2_30_44_21	1	1
274263	TIGR02710	1805473	Chryseobacterium sp. G972	1	1
274263	TIGR02710	1811727	Methanomassiliicoccales archaeon PtaB.Bin134	1	1
274263	TIGR02710	1817879	Candidatus Schekmanbacteria bacterium RBG_16_38_10	1	1
274263	TIGR02710	1827376	Nitrospira sp. SG-bin1	1	1
274263	TIGR02710	1839936	Candidatus Syntrophoarchaeum butanivorans	1	1
274263	TIGR02710	1868282	Chromatiales bacterium (ex Bugula neritina AB1)	1	1
274263	TIGR02710	1869227	bacterium	1	1
274263	TIGR02710	1869299	Desulfobacterales bacterium S5133MH4	1	1
274263	TIGR02710	1869303	Desulfobacterales bacterium C00003060	1	1
274263	TIGR02710	1872709	Micromonosporaceae bacterium CPCC 204380	1	1
274263	TIGR02710	1898207	Clostridiales bacterium	1	1
274263	TIGR02710	1906605	Paenibacillaceae bacterium JTherm	1	1
274263	TIGR02710	1919118	Bacteroidetes bacterium SW_9_63_38	1	1
274263	TIGR02710	1932692	Lentisphaerae bacterium	1	1
274263	TIGR02710	1940285	Sedimenticola sp.	1	1
274263	TIGR02710	1945577	Methanosphaera sp. rholeuAM270	1	1
274263	TIGR02710	1945578	Methanosphaera sp. rholeuAM130	1	1
274263	TIGR02710	1945580	Methanosphaera sp. rholeuAM6	1	1
274263	TIGR02710	1945631	Methanosphaera sp. SHI613	1	1
274263	TIGR02710	1956161	Planctomycetales bacterium 4484_113	1	1
274263	TIGR02710	1956167	Desulfobacteraceae bacterium 4484_190.1	1	1
274263	TIGR02710	1956175	candidate division KSB1 bacterium 4484_188	1	1
274263	TIGR02710	1960879	Micromonospora sp. NBS 11-29	1	1
274263	TIGR02710	1961105	Ignavibacteriales bacterium UTCHB2	1	1
274263	TIGR02710	1961113	Candidatus Brocadia sp. UTAMX1	1	1
274263	TIGR02710	1970199	Sorangiineae bacterium NIC37A_2	1	1
274263	TIGR02710	1971620	Desulfobacteraceae bacterium 4572_187	1	1
274263	TIGR02710	1971627	Desulfobacteraceae bacterium 4572_35.1	1	1
274263	TIGR02710	1971726	Candidatus Cloacimonetes bacterium 4572_55	1	1
274263	TIGR02710	1972449	Beggiatoa sp. 4572_84	1	1
274263	TIGR02710	1973748	candidate division WOR-3 bacterium JGI_Cruoil_03_44_89	1	1
274263	TIGR02710	1973909	Armatimonadetes bacterium CG_4_10_14_3_um_filter_59_10	1	1
274263	TIGR02710	1973922	Bacteroidetes bacterium CG_4_9_14_3_um_filter_41_19	1	1
274263	TIGR02710	1973937	Chloroflexi bacterium CG_4_10_14_0_8_um_filter_46_9	1	1
274263	TIGR02710	1973984	Desulfobacterales bacterium CG23_combo_of_CG06-09_8_20_14_all_52_9	1	1
274263	TIGR02710	1974062	Nitrospirae bacterium CG_4_9_14_3_um_filter_51_5	1	1
274263	TIGR02710	1974072	Nitrospirae bacterium CG22_combo_CG10-13_8_21_14_all_44_11	1	1
274263	TIGR02710	1974090	Rhodocyclales bacterium CG17_big_fil_post_rev_8_21_14_2_50_68_7	1	1
274263	TIGR02710	1978126	Euryarchaeota archaeon ex4484_178	1	1
274263	TIGR02710	1978765	Nitrospira sp. ST-bin5	1	1
274263	TIGR02710	1985129	Nitrospira sp. CG24E	1	1
274263	TIGR02710	1985130	Nitrospira sp. CG24D	1	1
274263	TIGR02710	1985131	Nitrospira sp. CG24C	1	1
274263	TIGR02710	1985132	Nitrospira sp. CG24B	1	1
274263	TIGR02710	1985133	Nitrospira sp. CG24A	1	1
274263	TIGR02710	2004706	Desulfurobacterium sp.	1	1
274263	TIGR02710	2004993	Nitrospira sp. UW-LDO-01	1	1
274263	TIGR02710	2005714	bacterium BMS3Abin06	1	1
274263	TIGR02710	2005721	bacterium BMS3Abin13	1	1
274263	TIGR02710	2005738	archaeon BMS3Bbin15	1	1
274263	TIGR02710	2013662	Alphaproteobacteria bacterium HGW-Alphaproteobacteria-16	1	1
274263	TIGR02710	2013722	candidate division BRC1 bacterium HGW-BRC1-1	1	1
274263	TIGR02710	2013723	Chloroflexi bacterium HGW-Chloroflexi-1	1	1
274263	TIGR02710	2013729	Chloroflexi bacterium HGW-Chloroflexi-6	1	1
274263	TIGR02710	2013792	Gammaproteobacteria bacterium HGW-Gammaproteobacteria-10	1	1
274263	TIGR02710	2013820	Methanomicrobiales archaeon HGW-Methanomicrobiales-4	1	1
274263	TIGR02710	2013855	candidate division Zixibacteria bacterium HGW-Zixibacteria-1	1	1
274263	TIGR02710	2014296	bacterium (Candidatus Stahlbacteria) CG23_combo_of_CG06-09_8_20_14_all_40_9	1	1
274263	TIGR02710	2026245	Fischerella thermalis CCMEE 5196	1	1
274263	TIGR02710	2026742	Gemmatimonadetes bacterium	1	1
274263	TIGR02710	2026773	Candidatus Pacearchaeota archaeon	1	1
274263	TIGR02710	2026795	Thaumarchaeota archaeon	1	1
274263	TIGR02710	2026807	Zetaproteobacteria bacterium	1	1
274263	TIGR02710	2028210	Geitlerinema sp. FC II	1	1
274263	TIGR02710	2035255	Candidatus Methanoperedens sp. BLZ2	1	1
274263	TIGR02710	2035406	bacterium HR11	1	1
274263	TIGR02710	2035412	bacterium HR17	1	1
274263	TIGR02710	2035420	bacterium HR25	1	1
274263	TIGR02710	2035424	bacterium HR29	1	1
274263	TIGR02710	2035432	bacterium HR37	1	1
274263	TIGR02710	2035835	Geodermatophilus chilensis	1	1
274263	TIGR02710	2038139	Glycomyces xiaoerkulensis	1	1
274263	TIGR02710	2049332	Methylomicrobium sp. wino1	1	1
274263	TIGR02710	2051957	Rubrobacter indicoceani	1	1
274263	TIGR02710	2052143	Anaerolineae bacterium	1	1
274263	TIGR02710	2053303	Marinilabiliales bacterium	1	1
274263	TIGR02710	2053689	Thermotogae bacterium	1	1
274263	TIGR02710	2056317	ANME-2 cluster archaeon	1	1
274263	TIGR02710	2056630	Candidatus Korarchaeota archaeon	1	1
274263	TIGR02710	2078660	Vallitalea sp. S15	1	1
274263	TIGR02710	2078690	Thermus tenuipuniceus	1	1
274263	TIGR02710	2093370	Dethiobacter sp.	1	1
274263	TIGR02710	2094558	Prunus yedoensis var. nudiflora	1	1
274263	TIGR02710	2099665	Ardenticatenia bacterium	1	1
274263	TIGR02710	2169413	Blastocatellia bacterium AA13	1	1
274263	TIGR02710	2185104	Elioraea sp. YIM 72297	1	1
274263	TIGR02710	2200761	Lentzea terrae	1	1
274263	TIGR02710	2202143	candidate division Kazan bacterium	1	1
274263	TIGR02710	2202151	Aquificae bacterium	1	1
274263	TIGR02710	2218663	Pseudomonas sp. MDMC224	1	1
274263	TIGR02710	2231113	Hydrogenothermus sp.	1	1
274263	TIGR02710	2249762	Nonomuraea sp. NEAU-YG30	1	1
274263	TIGR02710	2250085	Candidatus Hydrothermae bacterium	1	1
274263	TIGR02710	2250258	Archaeoglobales archaeon	1	1
274263	TIGR02710	2250573	Roseovarius sp. YLY04	1	1
274263	TIGR02710	2268457	Rhodospirillaceae bacterium SYSU D60014	1	1
274263	TIGR02710	2365003	Candidatus Syntrophoarchaeum sp. WYZ-LMO15	1	1
274263	TIGR02710	2420337	Cyanobacteria bacterium J069	1	1
274263	TIGR02710	2491704	Candidatus Viridilinea halotolerans	1	1
274263	TIGR02710	2495426	Candidatus Methanosuratus sp.	1	1
